#
# A fatal error has been detected by the Java Runtime Environment:
#
#  Internal Error (methodData.cpp:1156), pid=66152, tid=21668
#  Error: ShouldNotReachHere()
#
# JRE version: OpenJDK Runtime Environment JBR-21.0.9+1-1163.94-jcef (21.0.9+1) (build 21.0.9+1-b1163.94)
# Java VM: OpenJDK 64-Bit Server VM JBR-21.0.9+1-1163.94-jcef (21.0.9+1-b1163.94, mixed mode, sharing, tiered, compressed oops, compressed class ptrs, g1 gc, windows-amd64)
# No core dump will be written. Minidumps are not enabled by default on client versions of Windows
#
# If you would like to submit a bug report, please visit:
#   https://youtrack.jetbrains.com/issues/JBR
#

---------------  S U M M A R Y ------------

Command Line: abort vfprintf -XX:ErrorFile=C:\Users\Administrator\java_error_in_rider_%p.log -XX:HeapDumpPath=C:\Users\Administrator\java_error_in_rider.hprof -Xms128m -Xmx2048m -XX:JbrShrinkingGcMaxHeapFreeRatio=40 -XX:ReservedCodeCacheSize=512m -XX:+HeapDumpOnOutOfMemoryError -XX:-OmitStackTraceInFastThrow -XX:CICompilerCount=2 -XX:+IgnoreUnrecognizedVMOptions -XX:+UnlockDiagnosticVMOptions -XX:TieredOldPercentage=100000 -ea -Dsun.io.useCanonCaches=false -Dsun.java2d.metal=true -Djbr.catch.SIGABRT=true -Djdk.http.auth.tunneling.disabledSchemes="" -Djdk.attach.allowAttachSelf=true -Djdk.module.illegalAccess.silent=true -Djdk.nio.maxCachedBufferSize=2097152 -Djava.util.zip.use.nio.for.zip.file.access=true -Dkotlinx.coroutines.debug=off -Djava.nio.file.spi.DefaultFileSystemProvider=com.intellij.platform.core.nio.fs.MultiRoutingFileSystemProvider -Dllm.show.ai.promotion.window.on.start=false -Xms128m -Xmx1024m -XX:ReservedCodeCacheSize=512m -XX:+IgnoreUnrecognizedVMOptions -XX:+UseG1GC -XX:SoftRefLRUPolicyMSPerMB=50 -XX:CICompilerCount=2 -XX:+HeapDumpOnOutOfMemoryError -XX:-OmitStackTraceInFastThrow -ea -Dsun.io.useCanonCaches=false -Djdk.http.auth.tunneling.disabledSchemes="" -Djdk.attach.allowAttachSelf=true -Djdk.module.illegalAccess.silent=true -Dkotlinx.coroutines.debug=off -XX:ErrorFile=$USER_HOME/java_error_in_idea_%p.log -XX:HeapDumpPath=$USER_HOME/java_error_in_idea.hprof --add-opens=java.base/jdk.internal.org.objectweb.asm=ALL-UNNAMED --add-opens=java.base/jdk.internal.org.objectweb.asm.tree=ALL-UNNAMED -javaagent:G:\BaiduNetdiskDownload\JetBrains-2025-po-jie-bao\jetbra\ja-netfilter.jar=jetbrains -Djb.vmOptionsFile=G:\BaiduNetdiskDownload\JetBrains-2025-po-jie-bao\jetbra\vmoptions\rider.vmoptions -Xbootclasspath/a:E:\DevTool\JetBrains Rider 2025.3.2\lib\nio-fs.jar -Djava.system.class.loader=com.intellij.util.lang.PathClassLoader -Didea.vendor.name=JetBrains -Didea.paths.selector=Rider2025.3 -Djna.boot.library.path=E:\DevTool\JetBrains Rider 2025.3.2/lib/jna/amd64 -Djna.nosys=true -Djna.noclasspath=true -Dpty4j.preferred.native.folder=E:\DevTool\JetBrains Rider 2025.3.2/lib/pty4j -Dio.netty.allocator.type=pooled -Dskiko.library.path=E:\DevTool\JetBrains Rider 2025.3.2/lib/skiko-awt-runtime-all -Dintellij.platform.runtime.repository.path=E:\DevTool\JetBrains Rider 2025.3.2/modules/module-descriptors.dat -Didea.platform.prefix=Rider -Dwsl.use.remote.agent.for.nio.filesystem=true -Djava.nio.file.spi.DefaultFileSystemProvider=com.intellij.platform.core.nio.fs.MultiRoutingFileSystemProvider -Didea.class.before.app=com.jetbrains.rider.protocol.EarlyBackendStarter -Didea.show.customize.ide.wizard=true -DFilePageCache.THROW_ERROR_ON_DUPLICATE_STORAGE_REGISTRATION=false -Dsplash=true -Daether.connector.resumeDownloads=false -Dcompose.swing.render.on.graphics=true --add-opens=java.base/java.io=ALL-UNNAMED --add-opens=java.base/java.lang=ALL-UNNAMED --add-opens=java.base/java.lang.ref=ALL-UNNAMED --add-opens=java.base/java.lang.reflect=ALL-UNNAMED --add-opens=java.base/java.net=ALL-UNNAMED --add-opens=java.base/java.nio=ALL-UNNAMED --add-opens=java.base/java.nio.charset=ALL-UNNAMED --add-opens=java.base/java.text=ALL-UNNAMED --add-opens=java.base/java.time=ALL-UNNAMED --add-opens=java.base/java.util=ALL-UNNAMED --add-opens=java.base/java.util.concurrent=ALL-UNNAMED --add-opens=java.base/java.util.concurrent.atomic=ALL-UNNAMED --add-opens=java.base/java.util.concurrent.locks=ALL-UNNAMED --add-opens=java.base/jdk.internal.ref=ALL-UNNAMED --add-opens=java.base/jdk.internal.vm=ALL-UNNAMED --add-opens=java.base/sun.net.dns=ALL-UNNAMED --add-opens=java.base/sun.nio=ALL-UNNAMED --add-opens=java.base/sun.nio.ch=ALL-UNNAMED --add-opens=java.base/sun.nio.fs=ALL-UNNAMED --add-opens=java.base/sun.security.ssl=ALL-UNNAMED --add-opens=java.base/sun.security.util=ALL-UNNAMED --add-opens=java.desktop/com.sun.java.swing=ALL-UNNAMED --add-opens=java.desktop/java.awt=ALL-UNNAMED --add-opens=java.desktop/java.awt.dnd.peer=ALL-UNNAMED --add-opens=java.desktop/java.awt.event=ALL-UNNAMED --add-opens=java.desktop/java.awt.font=ALL-UNNAMED --add-opens=java.desktop/java.awt.image=ALL-UNNAMED --add-opens=java.desktop/java.awt.peer=ALL-UNNAMED --add-opens=java.desktop/javax.swing=ALL-UNNAMED --add-opens=java.desktop/javax.swing.plaf.basic=ALL-UNNAMED --add-opens=java.desktop/javax.swing.text=ALL-UNNAMED --add-opens=java.desktop/javax.swing.text.html=ALL-UNNAMED --add-opens=java.desktop/javax.swing.text.html.parser=ALL-UNNAMED --add-opens=java.desktop/sun.awt=ALL-UNNAMED --add-opens=java.desktop/sun.awt.datatransfer=ALL-UNNAMED --add-opens=java.desktop/sun.awt.image=ALL-UNNAMED --add-opens=java.desktop/sun.awt.windows=ALL-UNNAMED --add-opens=java.desktop/sun.font=ALL-UNNAMED --add-opens=java.desktop/sun.java2d=ALL-UNNAMED --add-opens=java.desktop/sun.swing=ALL-UNNAMED --add-opens=java.management/sun.management=ALL-UNNAMED --add-opens=jdk.attach/sun.tools.attach=ALL-UNNAMED --add-opens=jdk.compiler/com.sun.tools.javac.api=ALL-UNNAMED --add-opens=jdk.internal.jvmstat/sun.jvmstat.monitor=ALL-UNNAMED --add-opens=jdk.jdi/com.sun.tools.jdi=ALL-UNNAMED -Dide.native.launcher=true -Djcef.sandbox.ptr=00000235CD6FDB10 -Djcef.sandbox.cefVersion=122.1.9+gd14e051+chromium-122.0.6261.94 com.intellij.idea.Main E:\Projects\Unity\ProjectTinyRpg\ProjectTinyRpg.sln --line -1 --column -1 E:\Projects\Unity\ProjectTinyRpg\Assets\Scripts\Game\Modules\Ability\Ability.cs

Host: AMD Ryzen 7 5800X 8-Core Processor             , 16 cores, 31G,  Windows 10 , 64 bit Build 19041 (10.0.19041.5915)
Time: Mon Jul 27 16:44:50 2026 elapsed time: 1223.757677 seconds (0d 0h 20m 23s)

---------------  T H R E A D  ---------------

Current thread (0x0000023627b971d0):  WorkerThread "GC Thread#4"    [id=21668, stack(0x000000364e700000,0x000000364e800000) (1024K)]

Stack: [0x000000364e700000,0x000000364e800000]
Native frames: (J=compiled Java code, j=interpreted, Vv=VM code, C=native code)
V  [jvm.dll+0x6ec339]
V  [jvm.dll+0x8cc463]
V  [jvm.dll+0x8cea8e]
V  [jvm.dll+0x8cf127]
V  [jvm.dll+0x28af87]
V  [jvm.dll+0x28afac]
V  [jvm.dll+0x28af00]
V  [jvm.dll+0x6a0ace]
V  [jvm.dll+0x69fad5]
V  [jvm.dll+0x3d16f8]
V  [jvm.dll+0x6f93a2]
V  [jvm.dll+0x369f92]
V  [jvm.dll+0x8fa324]
V  [jvm.dll+0x874178]
V  [jvm.dll+0x6eaabd]
C  [ucrtbase.dll+0x21bb2]
C  [KERNEL32.DLL+0x17374]
C  [ntdll.dll+0x4cc91]


---------------  P R O C E S S  ---------------

Threads class SMR info:
_java_thread_list=0x00000236cb4176e0, length=150, elements={
0x00000235cfcfec40, 0x00000235f8021370, 0x00000235f8028830, 0x00000235f802ccb0,
0x00000235f802e6d0, 0x00000235fd004890, 0x00000235fd005ca0, 0x00000235fd007500,
0x00000235fd010020, 0x00000235fd014ae0, 0x00000235fd00a980, 0x00000235fd009c60,
0x00000236273f4750, 0x00000236273eeb70, 0x00000236273f3a30, 0x00000236273f0c40,
0x00000236273ef200, 0x00000236273ede50, 0x00000236273f05b0, 0x0000023627f20d80,
0x0000023627f262d0, 0x0000023627f26960, 0x0000023627f26ff0, 0x0000023628ff5480,
0x0000023628ff2d20, 0x0000023628fee4f0, 0x0000023628ff1970, 0x0000023629830560,
0x0000023629834070, 0x000002362a80a0e0, 0x000002362a80ae00, 0x000002362a80a770,
0x000002362a80e280, 0x000002362ac4ee00, 0x000002362afbf2e0, 0x000002362afbcb80,
0x000002362afc3480, 0x00000236493eac30, 0x000002366c4792d0, 0x000002366c47c750,
0x000002366c47a680, 0x000002366c4836e0, 0x00000236880791d0, 0x0000023688079ef0,
0x000002368fcbc460, 0x000002368fcb75a0, 0x000002368fcbebc0, 0x000002368fcb7c30,
0x000002369478ab80, 0x0000023694793550, 0x0000023696408220, 0x000002369640d770,
0x000002369758e210, 0x0000023697591d20, 0x000002369759d4e0, 0x0000023697596550,
0x000002369759e200, 0x00000236975a2a30, 0x00000236975a1680, 0x00000236975a1d10,
0x00000236975a3750, 0x00000236975a5190, 0x0000023696419c50, 0x000002369641a2e0,
0x00000236964195c0, 0x00000236964167d0, 0x000002369641bd20, 0x000002369641e480,
0x00000236964188a0, 0x0000023696418210, 0x00000236964174f0, 0x0000023696417b80,
0x00000236493ea5a0, 0x00000236ac62de80, 0x00000236ac62f230, 0x00000236ac62eba0,
0x00000236ac62aa00, 0x00000236ac62c440, 0x00000236ac62e510, 0x00000236ac628930,
0x00000236ac62cad0, 0x00000236ac6305e0, 0x00000236ac630c70, 0x00000236ac62b720,
0x00000236ac632d40, 0x00000236ac6333d0, 0x00000236ac634780, 0x00000236ac6340f0,
0x00000236ac637c00, 0x00000236ac63d150, 0x00000236ac636850, 0x00000236ac63c430,
0x00000236ac63eb90, 0x00000236ac63f8b0, 0x00000236ac63ff40, 0x00000236ac642010,
0x00000236ac647bf0, 0x00000236ac644770, 0x000002362ac52910, 0x00000236ac7bbfe0,
0x00000236ac7ba5a0, 0x00000236ac7b7e40, 0x00000236ac7b91f0, 0x00000236ac7bfaf0,
0x00000236ac7b9f10, 0x00000236ac7c7110, 0x00000236ac7c4320, 0x00000236ac7c0ea0,
0x00000236ac7c5d60, 0x00000236ac7c56d0, 0x00000236ac7c6a80, 0x00000236ac7c28e0,
0x00000236ac7c63f0, 0x00000236ac7c1bc0, 0x00000236ac7c9f00, 0x00000236ac7ca590,
0x00000236ac7d0800, 0x00000236ac7cc660, 0x00000236ac7c49b0, 0x00000236ac7cd380,
0x00000236ac7cbfd0, 0x00000236ac7cccf0, 0x00000236ac7cda10, 0x00000236af0c6040,
0x00000236af0ca870, 0x00000236af0d1e90, 0x00000236af0d3240, 0x00000236af0ce380,
0x00000236af0ccfd0, 0x00000236b7eee2d0, 0x00000236af834bd0, 0x00000236d763b060,
0x00000236af836610, 0x00000236cb3aec40, 0x00000236c5240bd0, 0x00000236c523f190,
0x00000236ca6f8d80, 0x00000236ba5153f0, 0x00000236bb110410, 0x00000236bb10f060,
0x00000236bb1117c0, 0x00000236af833820, 0x00000236bb315e80, 0x00000236d7b140b0,
0x00000236af84e2b0, 0x00000236af852450, 0x00000236d9a33120, 0x00000236c3f32460,
0x00000236990da5a0, 0x00000236cabfa830
}

Java Threads: ( => current thread )
  0x00000235cfcfec40 JavaThread "main"                              [_thread_blocked, id=15796, stack(0x000000364c100000,0x000000364c300000) (2048K)]
  0x00000235f8021370 JavaThread "Common-Cleaner"             daemon [_thread_blocked, id=72060, stack(0x000000364ca00000,0x000000364cb00000) (1024K)]
  0x00000235f8028830 JavaThread "Reference Handler"          daemon [_thread_blocked, id=59516, stack(0x000000364cb00000,0x000000364cc00000) (1024K)]
  0x00000235f802ccb0 JavaThread "Finalizer"                  daemon [_thread_blocked, id=8512, stack(0x000000364cc00000,0x000000364cd00000) (1024K)]
  0x00000235f802e6d0 JavaThread "Signal Dispatcher"          daemon [_thread_blocked, id=9340, stack(0x000000364cd00000,0x000000364ce00000) (1024K)]
  0x00000235fd004890 JavaThread "Attach Listener"            daemon [_thread_blocked, id=57120, stack(0x000000364ce00000,0x000000364cf00000) (1024K)]
  0x00000235fd005ca0 JavaThread "Service Thread"             daemon [_thread_blocked, id=49856, stack(0x000000364cf00000,0x000000364d000000) (1024K)]
  0x00000235fd007500 JavaThread "Monitor Deflation Thread"   daemon [_thread_blocked, id=32540, stack(0x000000364d000000,0x000000364d100000) (1024K)]
  0x00000235fd010020 JavaThread "C2 CompilerThread0"         daemon [_thread_blocked, id=66108, stack(0x000000364d100000,0x000000364d200000) (1024K)]
  0x00000235fd014ae0 JavaThread "C1 CompilerThread0"         daemon [_thread_blocked, id=50724, stack(0x000000364d200000,0x000000364d300000) (1024K)]
  0x00000235fd00a980 JavaThread "Notification Thread"        daemon [_thread_blocked, id=14904, stack(0x000000364d500000,0x000000364d600000) (1024K)]
  0x00000235fd009c60 JavaThread "DefaultDispatcher-worker-1" daemon [_thread_blocked, id=36464, stack(0x000000364d600000,0x000000364d700000) (1024K)]
  0x00000236273f4750 JavaThread "DefaultDispatcher-worker-5" daemon [_thread_blocked, id=33692, stack(0x000000364da00000,0x000000364db00000) (1024K)]
  0x00000236273eeb70 JavaThread "DefaultDispatcher-worker-6" daemon [_thread_blocked, id=71916, stack(0x000000364db00000,0x000000364dc00000) (1024K)]
  0x00000236273f3a30 JavaThread "DefaultDispatcher-worker-8" daemon [_thread_blocked, id=2308, stack(0x000000364dd00000,0x000000364de00000) (1024K)]
  0x00000236273f0c40 JavaThread "DefaultDispatcher-worker-10" daemon [_thread_blocked, id=62092, stack(0x000000364df00000,0x000000364e000000) (1024K)]
  0x00000236273ef200 JavaThread "DefaultDispatcher-worker-11" daemon [_thread_blocked, id=69816, stack(0x000000364e000000,0x000000364e100000) (1024K)]
  0x00000236273ede50 JavaThread "DefaultDispatcher-worker-15" daemon [_thread_blocked, id=71984, stack(0x000000364e400000,0x000000364e500000) (1024K)]
  0x00000236273f05b0 JavaThread "DefaultDispatcher-worker-16" daemon [_thread_blocked, id=43384, stack(0x000000364e500000,0x000000364e600000) (1024K)]
  0x0000023627f20d80 JavaThread "Java2D Disposer"            daemon [_thread_blocked, id=70024, stack(0x000000364ee00000,0x000000364ef00000) (1024K)]
  0x0000023627f262d0 JavaThread "AWT-Shutdown"                      [_thread_blocked, id=73004, stack(0x000000364ef00000,0x000000364f000000) (1024K)]
  0x0000023627f26960 JavaThread "AWT-Windows"                daemon [_thread_in_native, id=68648, stack(0x000000364f000000,0x000000364f100000) (1024K)]
  0x0000023627f26ff0 JavaThread "AWT-EventQueue-0"                  [_thread_blocked, id=69480, stack(0x000000364f100000,0x000000364f200000) (1024K)]
  0x0000023628ff5480 JavaThread "External Command Listener"  daemon [_thread_in_native, id=61596, stack(0x000000364f200000,0x000000364f300000) (1024K)]
  0x0000023628ff2d20 JavaThread "kotlinx.coroutines.DefaultExecutor" daemon [_thread_blocked, id=66132, stack(0x000000364f300000,0x000000364f400000) (1024K)]
  0x0000023628fee4f0 JavaThread "Kernel event loop thread ee1kbvftobc5ql09nidr" daemon [_thread_blocked, id=33320, stack(0x000000364f800000,0x000000364f900000) (1024K)]
  0x0000023628ff1970 JavaThread "EarlyStartServerWire/Sender" daemon [_thread_blocked, id=54144, stack(0x000000364f900000,0x000000364fa00000) (1024K)]
  0x0000023629830560 JavaThread "EarlyStartServerWire"       daemon [_thread_in_native, id=18320, stack(0x000000364fa00000,0x000000364fb00000) (1024K)]
  0x0000023629834070 JavaThread "SerializersBackgroundRegistrar" daemon [_thread_blocked, id=45280, stack(0x000000364fb00000,0x000000364fc00000) (1024K)]
  0x000002362a80a0e0 JavaThread "DefaultDispatcher-worker-18" daemon [_thread_blocked, id=63724, stack(0x000000364fd00000,0x000000364fe00000) (1024K)]
  0x000002362a80ae00 JavaThread "JetBrains"                         [_thread_in_native, id=54752, stack(0x000000364ff00000,0x0000003650000000) (1024K)]
  0x000002362a80a770 JavaThread "BaseDataReader: output stream of JetBrains"        [_thread_in_native, id=65884, stack(0x0000003650000000,0x0000003650100000) (1024K)]
  0x000002362a80e280 JavaThread "BaseDataReader: error stream of JetBrains"        [_thread_in_native, id=59396, stack(0x0000003650100000,0x0000003650200000) (1024K)]
  0x000002362ac4ee00 JavaThread "DefaultDispatcher-worker-20" daemon [_thread_blocked, id=72252, stack(0x0000003650300000,0x0000003650400000) (1024K)]
  0x000002362afbf2e0 JavaThread "DefaultDispatcher-worker-22" daemon [_thread_blocked, id=50120, stack(0x0000003650500000,0x0000003650600000) (1024K)]
  0x000002362afbcb80 JavaThread "DefaultDispatcher-worker-25" daemon [_thread_blocked, id=59072, stack(0x0000003650800000,0x0000003650900000) (1024K)]
  0x000002362afc3480 JavaThread "PeriodicMetricReader"       daemon [_thread_blocked, id=54332, stack(0x0000003650900000,0x0000003650a00000) (1024K)]
  0x00000236493eac30 JavaThread "Coroutines Debugger Cleaner" daemon [_thread_blocked, id=49688, stack(0x0000003650a00000,0x0000003650b00000) (1024K)]
  0x000002366c4792d0 JavaThread "JNA Cleaner"                daemon [_thread_blocked, id=65756, stack(0x0000003650b00000,0x0000003650c00000) (1024K)]
  0x000002366c47c750 JavaThread "Periodic tasks thread"      daemon [_thread_blocked, id=68792, stack(0x0000003650c00000,0x0000003650d00000) (1024K)]
  0x000002366c47a680 JavaThread "pool-4-thread-1"                   [_thread_blocked, id=61544, stack(0x0000003650e00000,0x0000003650f00000) (1024K)]
  0x000002366c4836e0 JavaThread "Windows Shell integration"  daemon [_thread_blocked, id=63092, stack(0x0000003650f00000,0x0000003651000000) (1024K)]
  0x00000236880791d0 JavaThread "BackgroundScheduler"        daemon [_thread_blocked, id=53336, stack(0x0000003651600000,0x0000003651700000) (1024K)]
  0x0000023688079ef0 JavaThread "fsnotifier.exe"                    [_thread_in_native, id=68636, stack(0x0000003651800000,0x0000003651900000) (1024K)]
  0x000002368fcbc460 JavaThread "Netty Builtin Server 1"     daemon [_thread_in_native, id=66392, stack(0x0000003651a00000,0x0000003651b00000) (1024K)]
  0x000002368fcb75a0 JavaThread "BaseDataReader: output stream of fsnotifier.exe"        [_thread_blocked, id=72580, stack(0x0000003651b00000,0x0000003651c00000) (1024K)]
  0x000002368fcbebc0 JavaThread "BaseDataReader: error stream of fsnotifier.exe"        [_thread_in_native, id=59092, stack(0x0000003651c00000,0x0000003651d00000) (1024K)]
  0x000002368fcb7c30 JavaThread "full-line-inference.exe"           [_thread_in_native, id=3916, stack(0x0000003651e00000,0x0000003651f00000) (1024K)]
  0x000002369478ab80 JavaThread "TimerQueue"                 daemon [_thread_blocked, id=37044, stack(0x0000003652200000,0x0000003652300000) (1024K)]
  0x0000023694793550 JavaThread "Jndi-Dns-address-change-listener" daemon [_thread_in_native, id=39576, stack(0x0000003652400000,0x0000003652500000) (1024K)]
  0x0000023696408220 JavaThread "DefaultDispatcher-worker-26" daemon [_thread_blocked, id=56168, stack(0x0000003652700000,0x0000003652800000) (1024K)]
  0x000002369640d770 JavaThread "DefaultDispatcher-worker-27" daemon [_thread_blocked, id=52028, stack(0x0000003652d00000,0x0000003652e00000) (1024K)]
  0x000002369758e210 JavaThread "DefaultDispatcher-worker-33" daemon [_thread_blocked, id=34572, stack(0x0000003653000000,0x0000003653100000) (1024K)]
  0x0000023697591d20 JavaThread "DefaultDispatcher-worker-34" daemon [_thread_blocked, id=77456, stack(0x0000003653100000,0x0000003653200000) (1024K)]
  0x000002369759d4e0 JavaThread "DefaultDispatcher-worker-36" daemon [_thread_blocked, id=36572, stack(0x0000003653200000,0x0000003653300000) (1024K)]
  0x0000023697596550 JavaThread "DefaultDispatcher-worker-37" daemon [_thread_blocked, id=20940, stack(0x0000003653300000,0x0000003653400000) (1024K)]
  0x000002369759e200 JavaThread "DefaultDispatcher-worker-38" daemon [_thread_blocked, id=60044, stack(0x0000003653400000,0x0000003653500000) (1024K)]
  0x00000236975a2a30 JavaThread "DefaultDispatcher-worker-39" daemon [_thread_in_native, id=14704, stack(0x0000003653500000,0x0000003653600000) (1024K)]
  0x00000236975a1680 JavaThread "DefaultDispatcher-worker-40" daemon [_thread_blocked, id=22340, stack(0x0000003653600000,0x0000003653700000) (1024K)]
  0x00000236975a1d10 JavaThread "DefaultDispatcher-worker-41" daemon [_thread_blocked, id=69260, stack(0x0000003653700000,0x0000003653800000) (1024K)]
  0x00000236975a3750 JavaThread "DefaultDispatcher-worker-44" daemon [_thread_blocked, id=29176, stack(0x0000003653a00000,0x0000003653b00000) (1024K)]
  0x00000236975a5190 JavaThread "process reaper (pid 76364)" daemon [_thread_in_native, id=55928, stack(0x000000364bb10000,0x000000364bb30000) (128K)]
  0x0000023696419c50 JavaThread "DefaultDispatcher-worker-49" daemon [_thread_blocked, id=21888, stack(0x0000003654300000,0x0000003654400000) (1024K)]
  0x000002369641a2e0 JavaThread "DefaultDispatcher-worker-50" daemon [_thread_blocked, id=23292, stack(0x0000003654400000,0x0000003654500000) (1024K)]
  0x00000236964195c0 JavaThread "DefaultDispatcher-worker-51" daemon [_thread_blocked, id=72100, stack(0x0000003654500000,0x0000003654600000) (1024K)]
  0x00000236964167d0 JavaThread "DefaultDispatcher-worker-54" daemon [_thread_in_native, id=1424, stack(0x0000003654800000,0x0000003654900000) (1024K)]
  0x000002369641bd20 JavaThread "DefaultDispatcher-worker-56" daemon [_thread_blocked, id=72484, stack(0x0000003654a00000,0x0000003654b00000) (1024K)]
  0x000002369641e480 JavaThread "DefaultDispatcher-worker-57" daemon [_thread_blocked, id=37104, stack(0x0000003654b00000,0x0000003654c00000) (1024K)]
  0x00000236964188a0 JavaThread "DefaultDispatcher-worker-58" daemon [_thread_blocked, id=60012, stack(0x0000003654c00000,0x0000003654d00000) (1024K)]
  0x0000023696418210 JavaThread "DefaultDispatcher-worker-59" daemon [_thread_blocked, id=8588, stack(0x0000003654d00000,0x0000003654e00000) (1024K)]
  0x00000236964174f0 JavaThread "DefaultDispatcher-worker-62" daemon [_thread_blocked, id=48920, stack(0x0000003655000000,0x0000003655100000) (1024K)]
  0x0000023696417b80 JavaThread "DefaultDispatcher-worker-63" daemon [_thread_blocked, id=23408, stack(0x0000003655100000,0x0000003655200000) (1024K)]
  0x00000236493ea5a0 JavaThread "DefaultDispatcher-worker-66" daemon [_thread_blocked, id=69704, stack(0x0000003655400000,0x0000003655500000) (1024K)]
  0x00000236ac62de80 JavaThread "DefaultDispatcher-worker-70" daemon [_thread_blocked, id=65676, stack(0x0000003655800000,0x0000003655900000) (1024K)]
  0x00000236ac62f230 JavaThread "DefaultDispatcher-worker-71" daemon [_thread_blocked, id=4304, stack(0x0000003655900000,0x0000003655a00000) (1024K)]
  0x00000236ac62eba0 JavaThread "DefaultDispatcher-worker-73" daemon [_thread_blocked, id=21772, stack(0x0000003655b00000,0x0000003655c00000) (1024K)]
  0x00000236ac62aa00 JavaThread "DefaultDispatcher-worker-74" daemon [_thread_blocked, id=57400, stack(0x0000003655c00000,0x0000003655d00000) (1024K)]
  0x00000236ac62c440 JavaThread "DefaultDispatcher-worker-75" daemon [_thread_blocked, id=17176, stack(0x0000003655d00000,0x0000003655e00000) (1024K)]
  0x00000236ac62e510 JavaThread "DefaultDispatcher-worker-77" daemon [_thread_blocked, id=63348, stack(0x0000003655f00000,0x0000003656000000) (1024K)]
  0x00000236ac628930 JavaThread "DefaultDispatcher-worker-78" daemon [_thread_blocked, id=38000, stack(0x0000003656000000,0x0000003656100000) (1024K)]
  0x00000236ac62cad0 JavaThread "DefaultDispatcher-worker-79" daemon [_thread_blocked, id=7532, stack(0x0000003656100000,0x0000003656200000) (1024K)]
  0x00000236ac6305e0 JavaThread "DefaultDispatcher-worker-83" daemon [_thread_blocked, id=68692, stack(0x0000003656500000,0x0000003656600000) (1024K)]
  0x00000236ac630c70 JavaThread "DefaultDispatcher-worker-14" daemon [_thread_blocked, id=72724, stack(0x0000003656700000,0x0000003656800000) (1024K)]
  0x00000236ac62b720 JavaThread "DefaultDispatcher-worker-65" daemon [_thread_blocked, id=49172, stack(0x0000003656800000,0x0000003656900000) (1024K)]
  0x00000236ac632d40 JavaThread "DefaultDispatcher-worker-17" daemon [_thread_blocked, id=2692, stack(0x0000003656c00000,0x0000003656d00000) (1024K)]
  0x00000236ac6333d0 JavaThread "DefaultDispatcher-worker-13" daemon [_thread_blocked, id=62816, stack(0x0000003656d00000,0x0000003656e00000) (1024K)]
  0x00000236ac634780 JavaThread "DefaultDispatcher-worker-46" daemon [_thread_blocked, id=61920, stack(0x0000003656e00000,0x0000003656f00000) (1024K)]
  0x00000236ac6340f0 JavaThread "DefaultDispatcher-worker-53" daemon [_thread_blocked, id=68768, stack(0x0000003657100000,0x0000003657200000) (1024K)]
  0x00000236ac637c00 JavaThread "DefaultDispatcher-worker-32" daemon [_thread_blocked, id=77764, stack(0x0000003657500000,0x0000003657600000) (1024K)]
  0x00000236ac63d150 JavaThread "DefaultDispatcher-worker-35" daemon [_thread_blocked, id=32968, stack(0x0000003657700000,0x0000003657800000) (1024K)]
  0x00000236ac636850 JavaThread "DefaultDispatcher-worker-12" daemon [_thread_blocked, id=66464, stack(0x0000003657900000,0x0000003657a00000) (1024K)]
  0x00000236ac63c430 JavaThread "DefaultDispatcher-worker-21" daemon [_thread_blocked, id=72276, stack(0x0000003657b00000,0x0000003657c00000) (1024K)]
  0x00000236ac63eb90 JavaThread "DefaultDispatcher-worker-76" daemon [_thread_blocked, id=41876, stack(0x0000003657c00000,0x0000003657d00000) (1024K)]
  0x00000236ac63f8b0 JavaThread "DefaultDispatcher-worker-60" daemon [_thread_blocked, id=49052, stack(0x0000003657d00000,0x0000003657e00000) (1024K)]
  0x00000236ac63ff40 JavaThread "DefaultDispatcher-worker-47" daemon [_thread_blocked, id=70508, stack(0x0000003657e00000,0x0000003657f00000) (1024K)]
  0x00000236ac642010 JavaThread "DefaultDispatcher-worker-42" daemon [_thread_blocked, id=10300, stack(0x0000003658000000,0x0000003658100000) (1024K)]
  0x00000236ac647bf0 JavaThread "DefaultDispatcher-worker-43" daemon [_thread_blocked, id=44524, stack(0x0000003658100000,0x0000003658200000) (1024K)]
  0x00000236ac644770 JavaThread "DefaultDispatcher-worker-30" daemon [_thread_blocked, id=38372, stack(0x0000003658300000,0x0000003658400000) (1024K)]
  0x000002362ac52910 JavaThread "DefaultDispatcher-worker-52" daemon [_thread_blocked, id=29232, stack(0x0000003658400000,0x0000003658500000) (1024K)]
  0x00000236ac7bbfe0 JavaThread "DefaultDispatcher-worker-24" daemon [_thread_blocked, id=61872, stack(0x0000003658700000,0x0000003658800000) (1024K)]
  0x00000236ac7ba5a0 JavaThread "DefaultDispatcher-worker-64" daemon [_thread_blocked, id=71288, stack(0x0000003658800000,0x0000003658900000) (1024K)]
  0x00000236ac7b7e40 JavaThread "DefaultDispatcher-worker-2" daemon [_thread_blocked, id=76140, stack(0x0000003658b00000,0x0000003658c00000) (1024K)]
  0x00000236ac7b91f0 JavaThread "DefaultDispatcher-worker-45" daemon [_thread_blocked, id=76604, stack(0x0000003658c00000,0x0000003658d00000) (1024K)]
  0x00000236ac7bfaf0 JavaThread "DefaultDispatcher-worker-19" daemon [_thread_blocked, id=22612, stack(0x0000003658d00000,0x0000003658e00000) (1024K)]
  0x00000236ac7b9f10 JavaThread "DefaultDispatcher-worker-3" daemon [_thread_blocked, id=15260, stack(0x0000003658e00000,0x0000003658f00000) (1024K)]
  0x00000236ac7c7110 JavaThread "DefaultDispatcher-worker-82" daemon [_thread_blocked, id=36024, stack(0x0000003659400000,0x0000003659500000) (1024K)]
  0x00000236ac7c4320 JavaThread "DefaultDispatcher-worker-31" daemon [_thread_blocked, id=22576, stack(0x0000003659600000,0x0000003659700000) (1024K)]
  0x00000236ac7c0ea0 JavaThread "DefaultDispatcher-worker-80" daemon [_thread_blocked, id=74640, stack(0x0000003659700000,0x0000003659800000) (1024K)]
  0x00000236ac7c5d60 JavaThread "DefaultDispatcher-worker-72" daemon [_thread_blocked, id=22228, stack(0x0000003659800000,0x0000003659900000) (1024K)]
  0x00000236ac7c56d0 JavaThread "DefaultDispatcher-worker-61" daemon [_thread_blocked, id=67872, stack(0x0000003659a00000,0x0000003659b00000) (1024K)]
  0x00000236ac7c6a80 JavaThread "DefaultDispatcher-worker-4" daemon [_thread_blocked, id=73200, stack(0x0000003659b00000,0x0000003659c00000) (1024K)]
  0x00000236ac7c28e0 JavaThread "DefaultDispatcher-worker-68" daemon [_thread_blocked, id=76760, stack(0x0000003659d00000,0x0000003659e00000) (1024K)]
  0x00000236ac7c63f0 JavaThread "DefaultDispatcher-worker-69" daemon [_thread_blocked, id=11588, stack(0x0000003659e00000,0x0000003659f00000) (1024K)]
  0x00000236ac7c1bc0 JavaThread "DefaultDispatcher-worker-23" daemon [_thread_blocked, id=74288, stack(0x000000365a000000,0x000000365a100000) (1024K)]
  0x00000236ac7c9f00 JavaThread "DefaultDispatcher-worker-84" daemon [_thread_blocked, id=62184, stack(0x000000365a500000,0x000000365a600000) (1024K)]
  0x00000236ac7ca590 JavaThread "DefaultDispatcher-worker-29" daemon [_thread_blocked, id=25500, stack(0x000000365a800000,0x000000365a900000) (1024K)]
  0x00000236ac7d0800 JavaThread "DefaultDispatcher-worker-28" daemon [_thread_blocked, id=23840, stack(0x000000365a900000,0x000000365aa00000) (1024K)]
  0x00000236ac7cc660 JavaThread "DefaultDispatcher-worker-9" daemon [_thread_blocked, id=63748, stack(0x000000365ab00000,0x000000365ac00000) (1024K)]
  0x00000236ac7c49b0 JavaThread "DefaultDispatcher-worker-55" daemon [_thread_blocked, id=62148, stack(0x000000365ac00000,0x000000365ad00000) (1024K)]
  0x00000236ac7cd380 JavaThread "DefaultDispatcher-worker-81" daemon [_thread_blocked, id=19760, stack(0x000000365ae00000,0x000000365af00000) (1024K)]
  0x00000236ac7cbfd0 JavaThread "DefaultDispatcher-worker-67" daemon [_thread_blocked, id=76128, stack(0x000000365b000000,0x000000365b100000) (1024K)]
  0x00000236ac7cccf0 JavaThread "DefaultDispatcher-worker-48" daemon [_thread_blocked, id=40500, stack(0x000000365b200000,0x000000365b300000) (1024K)]
  0x00000236ac7cda10 JavaThread "DefaultDispatcher-worker-7" daemon [_thread_blocked, id=63220, stack(0x000000365b300000,0x000000365b400000) (1024K)]
  0x00000236af0c6040 JavaThread "TerminalEmulator-Local"            [_thread_in_native, id=5172, stack(0x000000365c700000,0x000000365c800000) (1024K)]
  0x00000236af0ca870 JavaThread "RenderDocClient::-6255785113474991457/Sender" daemon [_thread_blocked, id=66700, stack(0x0000003650200000,0x0000003650300000) (1024K)]
  0x00000236af0d1e90 JavaThread "RenderDocClient::-6255785113474991457" daemon [_thread_in_native, id=54188, stack(0x0000003653f00000,0x0000003654000000) (1024K)]
  0x00000236af0d3240 JavaThread "RenderDocPanel"             daemon [_thread_blocked, id=70020, stack(0x0000003654000000,0x0000003654100000) (1024K)]
  0x00000236af0ce380 JavaThread "pool-8-thread-1"                   [_thread_blocked, id=72456, stack(0x0000003654100000,0x0000003654200000) (1024K)]
  0x00000236af0ccfd0 JavaThread "WorkspaceModelUpdater"      daemon [_thread_blocked, id=54264, stack(0x0000003654200000,0x0000003654300000) (1024K)]
  0x00000236b7eee2d0 JavaThread "WinConPtyProcess WaitFor powershell.exe -NoExit -ExecutionPolicy Bypass -File "E:\DevTool\JetBrains Rider 2025.3.2\plugins\terminal\shell-integrations\powershell\powershell-integration.ps1"" daemon [_thread_in_native, id=64600, stack(0x0000003652600000,0x0000003652700000) (1024K)]
  0x00000236af834bd0 JavaThread "JVMResponsivenessMonitor"   daemon [_thread_blocked, id=43852, stack(0x000000365ca00000,0x000000365cb00000) (1024K)]
  0x00000236d763b060 JavaThread "ProtocolInstanceWatcher"           [_thread_blocked, id=73784, stack(0x0000003658f00000,0x0000003659000000) (1024K)]
  0x00000236af836610 JavaThread "FileSystemWatchService"     daemon [_thread_in_native, id=61900, stack(0x000000365e300000,0x000000365e400000) (1024K)]
  0x00000236cb3aec40 JavaThread "IdIndex Writer #0"          daemon [_thread_blocked, id=56652, stack(0x000000365e400000,0x000000365e500000) (1024K)]
  0x00000236c5240bd0 JavaThread "Trigram.Index Writer #1"    daemon [_thread_blocked, id=51668, stack(0x000000365e500000,0x000000365e600000) (1024K)]
  0x00000236c523f190 JavaThread "Aux Index Writer #1"        daemon [_thread_blocked, id=25800, stack(0x000000365e600000,0x000000365e700000) (1024K)]
  0x00000236ca6f8d80 JavaThread "Stubs Writer #2"                   [_thread_blocked, id=77144, stack(0x000000365e700000,0x000000365e800000) (1024K)]
  0x00000236ba5153f0 JavaThread "JetBrains.DPA.Protocol.Backend_Server/Sender" daemon [_thread_blocked, id=44664, stack(0x000000365e800000,0x000000365e900000) (1024K)]
  0x00000236bb110410 JavaThread "JetBrains.DPA.Protocol.Backend_Server" daemon [_thread_in_native, id=56580, stack(0x000000365e900000,0x000000365ea00000) (1024K)]
  0x00000236bb10f060 JavaThread "JetBrains.DPA.Protocol.Backend_Render_Server/Sender" daemon [_thread_blocked, id=53880, stack(0x000000365ea00000,0x000000365eb00000) (1024K)]
  0x00000236bb1117c0 JavaThread "JetBrains.DPA.Protocol.Backend_Render_Server" daemon [_thread_in_native, id=28564, stack(0x000000365eb00000,0x000000365ec00000) (1024K)]
  0x00000236af833820 JavaThread "pool-9-thread-1"                   [_thread_blocked, id=57276, stack(0x000000365ec00000,0x000000365ed00000) (1024K)]
  0x00000236bb315e80 JavaThread "pool-10-thread-1"                  [_thread_blocked, id=44468, stack(0x000000365ed00000,0x000000365ee00000) (1024K)]
  0x00000236d7b140b0 JavaThread "rd throttler"               daemon [_thread_blocked, id=54788, stack(0x0000003651f00000,0x0000003652000000) (1024K)]
  0x00000236af84e2b0 JavaThread "BaseDataReader: error stream of full-line-inference.exe"        [_thread_in_native, id=76540, stack(0x000000364c000000,0x000000364c100000) (1024K)]
  0x00000236af852450 JavaThread "BaseDataReader: output stream of full-line-inference.exe"        [_thread_in_native, id=23612, stack(0x0000003651000000,0x0000003651100000) (1024K)]
  0x00000236d9a33120 JavaThread "grpc-nio-worker-ELG-1-1"    daemon [_thread_in_native, id=36816, stack(0x0000003651300000,0x0000003651400000) (1024K)]
  0x00000236c3f32460 JavaThread "grpc-nio-worker-ELG-1-2"    daemon [_thread_in_native, id=66812, stack(0x0000003651900000,0x0000003651a00000) (1024K)]
  0x00000236990da5a0 JavaThread "ApplicationImpl pooled thread 26"        [_thread_blocked, id=54500, stack(0x0000003652500000,0x0000003652600000) (1024K)]
  0x00000236cabfa830 JavaThread "ApplicationImpl pooled thread 28"        [_thread_blocked, id=67300, stack(0x000000364bf00000,0x000000364c000000) (1024K)]
Total: 150

Other Threads:
  0x00000235f8016ac0 VMThread "VM Thread"                           [id=74492, stack(0x000000364c900000,0x000000364ca00000) (1024K)]
  0x00000235f80090e0 WatcherThread "VM Periodic Task Thread"        [id=70528, stack(0x000000364c800000,0x000000364c900000) (1024K)]
  0x00000235cfd395a0 WorkerThread "GC Thread#0"                     [id=66244, stack(0x000000364c300000,0x000000364c400000) (1024K)]
  0x00000235fd239b00 WorkerThread "GC Thread#1"                     [id=40004, stack(0x000000364d300000,0x000000364d400000) (1024K)]
  0x00000235fd239ea0 WorkerThread "GC Thread#2"                     [id=56132, stack(0x000000364d400000,0x000000364d500000) (1024K)]
  0x0000023627b96e30 WorkerThread "GC Thread#3"                     [id=58504, stack(0x000000364e600000,0x000000364e700000) (1024K)]
=>0x0000023627b971d0 WorkerThread "GC Thread#4"                     [id=21668, stack(0x000000364e700000,0x000000364e800000) (1024K)]
  0x0000023627b95fb0 WorkerThread "GC Thread#5"                     [id=72932, stack(0x000000364e800000,0x000000364e900000) (1024K)]
  0x0000023627b95130 WorkerThread "GC Thread#6"                     [id=29248, stack(0x000000364e900000,0x000000364ea00000) (1024K)]
  0x0000023627b966f0 WorkerThread "GC Thread#7"                     [id=11700, stack(0x000000364ea00000,0x000000364eb00000) (1024K)]
  0x0000023627b97570 WorkerThread "GC Thread#8"                     [id=30820, stack(0x000000364eb00000,0x000000364ec00000) (1024K)]
  0x0000023627b97910 WorkerThread "GC Thread#9"                     [id=77376, stack(0x000000364ec00000,0x000000364ed00000) (1024K)]
  0x0000023627b97cb0 WorkerThread "GC Thread#10"                    [id=68548, stack(0x000000364ed00000,0x000000364ee00000) (1024K)]
  0x00000236290c6310 WorkerThread "GC Thread#11"                    [id=37100, stack(0x000000364f400000,0x000000364f500000) (1024K)]
  0x00000236290c6a50 WorkerThread "GC Thread#12"                    [id=72332, stack(0x000000364f500000,0x000000364f600000) (1024K)]
  0x00000235cfd452e0 ConcurrentGCThread "G1 Main Marker"            [id=52196, stack(0x000000364c400000,0x000000364c500000) (1024K)]
  0x00000235cfd45f00 WorkerThread "G1 Conc#0"                       [id=54016, stack(0x000000364c500000,0x000000364c600000) (1024K)]
  0x00000236290c7190 WorkerThread "G1 Conc#1"                       [id=67140, stack(0x000000364f600000,0x000000364f700000) (1024K)]
  0x00000236290c9970 WorkerThread "G1 Conc#2"                       [id=40520, stack(0x000000364f700000,0x000000364f800000) (1024K)]
  0x00000235cfd6eb20 ConcurrentGCThread "G1 Refine#0"               [id=50372, stack(0x000000364c600000,0x000000364c700000) (1024K)]
  0x00000235f7ecd6d0 ConcurrentGCThread "G1 Service"                [id=59504, stack(0x000000364c700000,0x000000364c800000) (1024K)]
Total: 21

Threads with active compile tasks:
Total: 0

VM state: at safepoint (normal execution)

VM Mutex/Monitor currently owned by a thread:  ([mutex/lock_event])
[0x00007ff936229d30] Threads_lock - owner thread: 0x00000235f8016ac0
[0x00007ff936229e30] Heap_lock - owner thread: 0x00000235cfd452e0

Heap address: 0x00000000c0000000, size: 1024 MB, Compressed Oops mode: 32-bit

CDS archive(s) mapped at: [0x0000023580000000-0x0000023581c20000-0x0000023581c20000), size 29491200, SharedBaseAddress: 0x0000023580000000, ArchiveRelocationMode: 1.
Compressed class space mapped at: 0x0000023582000000-0x00000235c2000000, reserved size: 1073741824
Narrow klass base: 0x0000023580000000, Narrow klass shift: 0, Narrow klass range: 0x100000000

GC Precious Log:
 CardTable entry size: 512
 Card Set container configuration: InlinePtr #cards 5 size 8 Array Of Cards #cards 12 size 40 Howl #buckets 4 coarsen threshold 1843 Howl Bitmap #cards 512 size 80 coarsen threshold 460 Card regions per heap region 1 cards per card region 2048
 CPUs: 16 total, 16 available
 Memory: 32694M
 Large Page Support: Disabled
 NUMA Support: Disabled
 Compressed Oops: Enabled (32-bit)
 Heap Region Size: 1M
 Heap Min Capacity: 128M
 Heap Initial Capacity: 128M
 Heap Max Capacity: 1G
 Pre-touch: Disabled
 Parallel Workers: 13
 Concurrent Workers: 3
 Concurrent Refinement Workers: 13
 Periodic GC: Disabled

Heap:
 garbage-first heap   total 1010688K, used 585290K [0x00000000c0000000, 0x0000000100000000)
  region size 1024K, 10 young (10240K), 7 survivors (7168K)
 Metaspace       used 429670K, committed 435968K, reserved 1441792K
  class space    used 54533K, committed 57600K, reserved 1048576K

Heap Regions: E=young(eden), S=young(survivor), O=old, HS=humongous(starts), HC=humongous(continues), CS=collection set, F=free, TAMS=top-at-mark-start, PB=parsable bottom
|   0|0x00000000c0000000, 0x00000000c00ffff0, 0x00000000c0100000| 99%| O|  |TAMS 0x00000000c00ffff0| PB 0x00000000c0000000| Untracked 
|   1|0x00000000c0100000, 0x00000000c0200000, 0x00000000c0200000|100%|HS|  |TAMS 0x00000000c0200000| PB 0x00000000c0100000| Complete 
|   2|0x00000000c0200000, 0x00000000c0300000, 0x00000000c0300000|100%|HC|  |TAMS 0x00000000c0300000| PB 0x00000000c0200000| Complete 
|   3|0x00000000c0300000, 0x00000000c0400000, 0x00000000c0400000|100%|HS|  |TAMS 0x00000000c0400000| PB 0x00000000c0300000| Complete 
|   4|0x00000000c0400000, 0x00000000c0500000, 0x00000000c0500000|100%|HC|  |TAMS 0x00000000c0500000| PB 0x00000000c0400000| Complete 
|   5|0x00000000c0500000, 0x00000000c0600000, 0x00000000c0600000|100%| O|  |TAMS 0x00000000c0600000| PB 0x00000000c0500000| Untracked 
|   6|0x00000000c0600000, 0x00000000c0700000, 0x00000000c0700000|100%| O|  |TAMS 0x00000000c0700000| PB 0x00000000c0600000| Untracked 
|   7|0x00000000c0700000, 0x00000000c07ffff8, 0x00000000c0800000| 99%| O|  |TAMS 0x00000000c07ffff8| PB 0x00000000c0700000| Untracked 
|   8|0x00000000c0800000, 0x00000000c08fe8a8, 0x00000000c0900000| 99%| O|  |TAMS 0x00000000c08fe8a8| PB 0x00000000c0800000| Untracked 
|   9|0x00000000c0900000, 0x00000000c0a00000, 0x00000000c0a00000|100%| O|  |TAMS 0x00000000c0a00000| PB 0x00000000c0900000| Untracked 
|  10|0x00000000c0a00000, 0x00000000c0b00000, 0x00000000c0b00000|100%| O|  |TAMS 0x00000000c0b00000| PB 0x00000000c0a00000| Untracked 
|  11|0x00000000c0b00000, 0x00000000c0c00000, 0x00000000c0c00000|100%| O|  |TAMS 0x00000000c0c00000| PB 0x00000000c0b00000| Untracked 
|  12|0x00000000c0c00000, 0x00000000c0cfe108, 0x00000000c0d00000| 99%| O|  |TAMS 0x00000000c0cfe108| PB 0x00000000c0c00000| Untracked 
|  13|0x00000000c0d00000, 0x00000000c0df59b0, 0x00000000c0e00000| 95%| O|  |TAMS 0x00000000c0df59b0| PB 0x00000000c0d00000| Untracked 
|  14|0x00000000c0e00000, 0x00000000c0efffe8, 0x00000000c0f00000| 99%| O|  |TAMS 0x00000000c0efffe8| PB 0x00000000c0e00000| Untracked 
|  15|0x00000000c0f00000, 0x00000000c1000000, 0x00000000c1000000|100%|HS|  |TAMS 0x00000000c1000000| PB 0x00000000c0f00000| Complete 
|  16|0x00000000c1000000, 0x00000000c10fffe8, 0x00000000c1100000| 99%| O|  |TAMS 0x00000000c10fffe8| PB 0x00000000c1000000| Untracked 
|  17|0x00000000c1100000, 0x00000000c11ffff8, 0x00000000c1200000| 99%| O|  |TAMS 0x00000000c11ffff8| PB 0x00000000c1100000| Untracked 
|  18|0x00000000c1200000, 0x00000000c12ffff0, 0x00000000c1300000| 99%| O|  |TAMS 0x00000000c12ffff0| PB 0x00000000c1200000| Untracked 
|  19|0x00000000c1300000, 0x00000000c13f8938, 0x00000000c1400000| 97%| O|  |TAMS 0x00000000c13f8938| PB 0x00000000c1300000| Untracked 
|  20|0x00000000c1400000, 0x00000000c1500000, 0x00000000c1500000|100%| O|  |TAMS 0x00000000c1500000| PB 0x00000000c1400000| Untracked 
|  21|0x00000000c1500000, 0x00000000c1600000, 0x00000000c1600000|100%| O|  |TAMS 0x00000000c1600000| PB 0x00000000c1500000| Untracked 
|  22|0x00000000c1600000, 0x00000000c1700000, 0x00000000c1700000|100%| O|  |TAMS 0x00000000c1700000| PB 0x00000000c1600000| Untracked 
|  23|0x00000000c1700000, 0x00000000c1800000, 0x00000000c1800000|100%| O|  |TAMS 0x00000000c1800000| PB 0x00000000c1700000| Untracked 
|  24|0x00000000c1800000, 0x00000000c1900000, 0x00000000c1900000|100%| O|  |TAMS 0x00000000c1900000| PB 0x00000000c1800000| Untracked 
|  25|0x00000000c1900000, 0x00000000c1a00000, 0x00000000c1a00000|100%| O|  |TAMS 0x00000000c1a00000| PB 0x00000000c1900000| Untracked 
|  26|0x00000000c1a00000, 0x00000000c1b00000, 0x00000000c1b00000|100%| O|  |TAMS 0x00000000c1b00000| PB 0x00000000c1a00000| Untracked 
|  27|0x00000000c1b00000, 0x00000000c1c00000, 0x00000000c1c00000|100%| O|  |TAMS 0x00000000c1c00000| PB 0x00000000c1b00000| Untracked 
|  28|0x00000000c1c00000, 0x00000000c1cffff8, 0x00000000c1d00000| 99%| O|  |TAMS 0x00000000c1cffff8| PB 0x00000000c1c00000| Untracked 
|  29|0x00000000c1d00000, 0x00000000c1dfffd8, 0x00000000c1e00000| 99%| O|  |TAMS 0x00000000c1dfffd8| PB 0x00000000c1d00000| Untracked 
|  30|0x00000000c1e00000, 0x00000000c1efffe8, 0x00000000c1f00000| 99%| O|  |TAMS 0x00000000c1efffe8| PB 0x00000000c1e00000| Untracked 
|  31|0x00000000c1f00000, 0x00000000c1ffc5d8, 0x00000000c2000000| 98%| O|  |TAMS 0x00000000c1ffc5d8| PB 0x00000000c1f00000| Untracked 
|  32|0x00000000c2000000, 0x00000000c20f1f70, 0x00000000c2100000| 94%| O|  |TAMS 0x00000000c20f1f70| PB 0x00000000c2000000| Untracked 
|  33|0x00000000c2100000, 0x00000000c21fffd8, 0x00000000c2200000| 99%| O|  |TAMS 0x00000000c21fffd8| PB 0x00000000c2100000| Untracked 
|  34|0x00000000c2200000, 0x00000000c22ffff8, 0x00000000c2300000| 99%| O|  |TAMS 0x00000000c22ffff8| PB 0x00000000c2200000| Untracked 
|  35|0x00000000c2300000, 0x00000000c23fe898, 0x00000000c2400000| 99%| O|  |TAMS 0x00000000c23fe898| PB 0x00000000c2300000| Untracked 
|  36|0x00000000c2400000, 0x00000000c24fd620, 0x00000000c2500000| 98%| O|  |TAMS 0x00000000c24fd620| PB 0x00000000c2400000| Untracked 
|  37|0x00000000c2500000, 0x00000000c25f61b8, 0x00000000c2600000| 96%| O|  |TAMS 0x00000000c25f61b8| PB 0x00000000c2500000| Untracked 
|  38|0x00000000c2600000, 0x00000000c2700000, 0x00000000c2700000|100%| O|  |TAMS 0x00000000c2700000| PB 0x00000000c2600000| Untracked 
|  39|0x00000000c2700000, 0x00000000c27ffff8, 0x00000000c2800000| 99%| O|  |TAMS 0x00000000c27ffff8| PB 0x00000000c2700000| Untracked 
|  40|0x00000000c2800000, 0x00000000c28ffff0, 0x00000000c2900000| 99%| O|  |TAMS 0x00000000c28ffff0| PB 0x00000000c2800000| Untracked 
|  41|0x00000000c2900000, 0x00000000c29feb28, 0x00000000c2a00000| 99%| O|  |TAMS 0x00000000c29feb28| PB 0x00000000c2900000| Untracked 
|  42|0x00000000c2a00000, 0x00000000c2b00000, 0x00000000c2b00000|100%| O|  |TAMS 0x00000000c2b00000| PB 0x00000000c2a00000| Untracked 
|  43|0x00000000c2b00000, 0x00000000c2bfffd0, 0x00000000c2c00000| 99%| O|  |TAMS 0x00000000c2bfffd0| PB 0x00000000c2b00000| Untracked 
|  44|0x00000000c2c00000, 0x00000000c2cfffe8, 0x00000000c2d00000| 99%| O|  |TAMS 0x00000000c2cfffe8| PB 0x00000000c2c00000| Untracked 
|  45|0x00000000c2d00000, 0x00000000c2dfffe8, 0x00000000c2e00000| 99%| O|  |TAMS 0x00000000c2dfffe8| PB 0x00000000c2d00000| Untracked 
|  46|0x00000000c2e00000, 0x00000000c2efffe0, 0x00000000c2f00000| 99%| O|  |TAMS 0x00000000c2efffe0| PB 0x00000000c2e00000| Untracked 
|  47|0x00000000c2f00000, 0x00000000c2ffffe8, 0x00000000c3000000| 99%| O|  |TAMS 0x00000000c2ffffe8| PB 0x00000000c2f00000| Untracked 
|  48|0x00000000c3000000, 0x00000000c30fffd0, 0x00000000c3100000| 99%| O|  |TAMS 0x00000000c30fffd0| PB 0x00000000c3000000| Untracked 
|  49|0x00000000c3100000, 0x00000000c3200000, 0x00000000c3200000|100%| O|  |TAMS 0x00000000c3200000| PB 0x00000000c3100000| Untracked 
|  50|0x00000000c3200000, 0x00000000c3300000, 0x00000000c3300000|100%| O|  |TAMS 0x00000000c3300000| PB 0x00000000c3200000| Untracked 
|  51|0x00000000c3300000, 0x00000000c33fff70, 0x00000000c3400000| 99%| O|  |TAMS 0x00000000c33fff70| PB 0x00000000c3300000| Untracked 
|  52|0x00000000c3400000, 0x00000000c3500000, 0x00000000c3500000|100%| O|  |TAMS 0x00000000c3500000| PB 0x00000000c3400000| Untracked 
|  53|0x00000000c3500000, 0x00000000c35fffd8, 0x00000000c3600000| 99%| O|  |TAMS 0x00000000c35fffd8| PB 0x00000000c3500000| Untracked 
|  54|0x00000000c3600000, 0x00000000c36fe590, 0x00000000c3700000| 99%| O|  |TAMS 0x00000000c36fe590| PB 0x00000000c3600000| Untracked 
|  55|0x00000000c3700000, 0x00000000c37ffff8, 0x00000000c3800000| 99%| O|  |TAMS 0x00000000c37ffff8| PB 0x00000000c3700000| Untracked 
|  56|0x00000000c3800000, 0x00000000c3900000, 0x00000000c3900000|100%| O|  |TAMS 0x00000000c3900000| PB 0x00000000c3800000| Untracked 
|  57|0x00000000c3900000, 0x00000000c39fffe8, 0x00000000c3a00000| 99%| O|  |TAMS 0x00000000c39fffe8| PB 0x00000000c3900000| Untracked 
|  58|0x00000000c3a00000, 0x00000000c3b00000, 0x00000000c3b00000|100%| O|  |TAMS 0x00000000c3b00000| PB 0x00000000c3a00000| Untracked 
|  59|0x00000000c3b00000, 0x00000000c3bffff0, 0x00000000c3c00000| 99%| O|  |TAMS 0x00000000c3bffff0| PB 0x00000000c3b00000| Untracked 
|  60|0x00000000c3c00000, 0x00000000c3cffce0, 0x00000000c3d00000| 99%| O|  |TAMS 0x00000000c3cffce0| PB 0x00000000c3c00000| Untracked 
|  61|0x00000000c3d00000, 0x00000000c3e00000, 0x00000000c3e00000|100%| O|  |TAMS 0x00000000c3e00000| PB 0x00000000c3d00000| Untracked 
|  62|0x00000000c3e00000, 0x00000000c3efffc0, 0x00000000c3f00000| 99%| O|  |TAMS 0x00000000c3efffc0| PB 0x00000000c3e00000| Untracked 
|  63|0x00000000c3f00000, 0x00000000c3fff590, 0x00000000c4000000| 99%| O|  |TAMS 0x00000000c3fff590| PB 0x00000000c3f00000| Untracked 
|  64|0x00000000c4000000, 0x00000000c40ffff8, 0x00000000c4100000| 99%| O|  |TAMS 0x00000000c40ffff8| PB 0x00000000c4000000| Untracked 
|  65|0x00000000c4100000, 0x00000000c41fffe8, 0x00000000c4200000| 99%| O|  |TAMS 0x00000000c41fffe8| PB 0x00000000c4100000| Untracked 
|  66|0x00000000c4200000, 0x00000000c4300000, 0x00000000c4300000|100%| O|  |TAMS 0x00000000c4300000| PB 0x00000000c4200000| Untracked 
|  67|0x00000000c4300000, 0x00000000c43fffe0, 0x00000000c4400000| 99%| O|  |TAMS 0x00000000c43fffe0| PB 0x00000000c4300000| Untracked 
|  68|0x00000000c4400000, 0x00000000c44feda0, 0x00000000c4500000| 99%| O|  |TAMS 0x00000000c44feda0| PB 0x00000000c4400000| Untracked 
|  69|0x00000000c4500000, 0x00000000c45fe618, 0x00000000c4600000| 99%| O|  |TAMS 0x00000000c45fe618| PB 0x00000000c4500000| Untracked 
|  70|0x00000000c4600000, 0x00000000c4700000, 0x00000000c4700000|100%| O|  |TAMS 0x00000000c4700000| PB 0x00000000c4600000| Untracked 
|  71|0x00000000c4700000, 0x00000000c47fffe8, 0x00000000c4800000| 99%| O|  |TAMS 0x00000000c47fffe8| PB 0x00000000c4700000| Untracked 
|  72|0x00000000c4800000, 0x00000000c48fffd8, 0x00000000c4900000| 99%| O|  |TAMS 0x00000000c48fffd8| PB 0x00000000c4800000| Untracked 
|  73|0x00000000c4900000, 0x00000000c4a00000, 0x00000000c4a00000|100%|HS|  |TAMS 0x00000000c4a00000| PB 0x00000000c4900000| Complete 
|  74|0x00000000c4a00000, 0x00000000c4b00000, 0x00000000c4b00000|100%|HS|  |TAMS 0x00000000c4b00000| PB 0x00000000c4a00000| Untracked 
|  75|0x00000000c4b00000, 0x00000000c4bfffe8, 0x00000000c4c00000| 99%| O|  |TAMS 0x00000000c4bfffe8| PB 0x00000000c4b00000| Untracked 
|  76|0x00000000c4c00000, 0x00000000c4cffff0, 0x00000000c4d00000| 99%| O|  |TAMS 0x00000000c4cffff0| PB 0x00000000c4c00000| Untracked 
|  77|0x00000000c4d00000, 0x00000000c4dfffc0, 0x00000000c4e00000| 99%| O|  |TAMS 0x00000000c4dfffc0| PB 0x00000000c4d00000| Untracked 
|  78|0x00000000c4e00000, 0x00000000c4effff0, 0x00000000c4f00000| 99%| O|  |TAMS 0x00000000c4effff0| PB 0x00000000c4e00000| Untracked 
|  79|0x00000000c4f00000, 0x00000000c4ffffc8, 0x00000000c5000000| 99%| O|  |TAMS 0x00000000c4ffffc8| PB 0x00000000c4f00000| Untracked 
|  80|0x00000000c5000000, 0x00000000c50fffc8, 0x00000000c5100000| 99%| O|  |TAMS 0x00000000c50fffc8| PB 0x00000000c5000000| Untracked 
|  81|0x00000000c5100000, 0x00000000c51ffff0, 0x00000000c5200000| 99%| O|  |TAMS 0x00000000c51ffff0| PB 0x00000000c5100000| Untracked 
|  82|0x00000000c5200000, 0x00000000c52fff58, 0x00000000c5300000| 99%| O|  |TAMS 0x00000000c52fff58| PB 0x00000000c5200000| Untracked 
|  83|0x00000000c5300000, 0x00000000c53fffe0, 0x00000000c5400000| 99%| O|  |TAMS 0x00000000c53fffe0| PB 0x00000000c5300000| Untracked 
|  84|0x00000000c5400000, 0x00000000c54ffff8, 0x00000000c5500000| 99%| O|  |TAMS 0x00000000c54ffff8| PB 0x00000000c5400000| Untracked 
|  85|0x00000000c5500000, 0x00000000c55fff40, 0x00000000c5600000| 99%| O|  |TAMS 0x00000000c55fff40| PB 0x00000000c5500000| Untracked 
|  86|0x00000000c5600000, 0x00000000c56f6f88, 0x00000000c5700000| 96%| O|  |TAMS 0x00000000c56f6f88| PB 0x00000000c5600000| Untracked 
|  87|0x00000000c5700000, 0x00000000c57fffe8, 0x00000000c5800000| 99%| O|  |TAMS 0x00000000c57fffe8| PB 0x00000000c5700000| Untracked 
|  88|0x00000000c5800000, 0x00000000c58ffff8, 0x00000000c5900000| 99%| O|  |TAMS 0x00000000c58ffff8| PB 0x00000000c5800000| Untracked 
|  89|0x00000000c5900000, 0x00000000c59fffd0, 0x00000000c5a00000| 99%| O|  |TAMS 0x00000000c59fffd0| PB 0x00000000c5900000| Untracked 
|  90|0x00000000c5a00000, 0x00000000c5affff8, 0x00000000c5b00000| 99%| O|  |TAMS 0x00000000c5affff8| PB 0x00000000c5a00000| Untracked 
|  91|0x00000000c5b00000, 0x00000000c5c00000, 0x00000000c5c00000|100%|HS|  |TAMS 0x00000000c5c00000| PB 0x00000000c5b00000| Complete 
|  92|0x00000000c5c00000, 0x00000000c5d00000, 0x00000000c5d00000|100%|HC|  |TAMS 0x00000000c5d00000| PB 0x00000000c5c00000| Complete 
|  93|0x00000000c5d00000, 0x00000000c5e00000, 0x00000000c5e00000|100%|HC|  |TAMS 0x00000000c5e00000| PB 0x00000000c5d00000| Complete 
|  94|0x00000000c5e00000, 0x00000000c5f00000, 0x00000000c5f00000|100%|HC|  |TAMS 0x00000000c5f00000| PB 0x00000000c5e00000| Complete 
|  95|0x00000000c5f00000, 0x00000000c6000000, 0x00000000c6000000|100%|HC|  |TAMS 0x00000000c6000000| PB 0x00000000c5f00000| Complete 
|  96|0x00000000c6000000, 0x00000000c60ffff8, 0x00000000c6100000| 99%| O|  |TAMS 0x00000000c60ffff8| PB 0x00000000c6000000| Untracked 
|  97|0x00000000c6100000, 0x00000000c6200000, 0x00000000c6200000|100%|HS|  |TAMS 0x00000000c6200000| PB 0x00000000c6100000| Untracked 
|  98|0x00000000c6200000, 0x00000000c62fffd8, 0x00000000c6300000| 99%| O|  |TAMS 0x00000000c62fffd8| PB 0x00000000c6200000| Untracked 
|  99|0x00000000c6300000, 0x00000000c63f86b8, 0x00000000c6400000| 97%| O|  |TAMS 0x00000000c63f86b8| PB 0x00000000c6300000| Untracked 
| 100|0x00000000c6400000, 0x00000000c6500000, 0x00000000c6500000|100%| O|  |TAMS 0x00000000c6500000| PB 0x00000000c6400000| Untracked 
| 101|0x00000000c6500000, 0x00000000c6600000, 0x00000000c6600000|100%| O|  |TAMS 0x00000000c6600000| PB 0x00000000c6500000| Untracked 
| 102|0x00000000c6600000, 0x00000000c6700000, 0x00000000c6700000|100%| O|  |TAMS 0x00000000c6700000| PB 0x00000000c6600000| Untracked 
| 103|0x00000000c6700000, 0x00000000c6800000, 0x00000000c6800000|100%| O|  |TAMS 0x00000000c6800000| PB 0x00000000c6700000| Untracked 
| 104|0x00000000c6800000, 0x00000000c68ff7c0, 0x00000000c6900000| 99%| O|  |TAMS 0x00000000c68ff7c0| PB 0x00000000c6800000| Untracked 
| 105|0x00000000c6900000, 0x00000000c69fffd8, 0x00000000c6a00000| 99%| O|  |TAMS 0x00000000c69fffd8| PB 0x00000000c6900000| Untracked 
| 106|0x00000000c6a00000, 0x00000000c6afff00, 0x00000000c6b00000| 99%| O|  |TAMS 0x00000000c6afff00| PB 0x00000000c6a00000| Untracked 
| 107|0x00000000c6b00000, 0x00000000c6bfdf98, 0x00000000c6c00000| 99%| O|  |TAMS 0x00000000c6bfdf98| PB 0x00000000c6b00000| Untracked 
| 108|0x00000000c6c00000, 0x00000000c6cffff8, 0x00000000c6d00000| 99%| O|  |TAMS 0x00000000c6cffff8| PB 0x00000000c6c00000| Untracked 
| 109|0x00000000c6d00000, 0x00000000c6dffff0, 0x00000000c6e00000| 99%| O|  |TAMS 0x00000000c6dffff0| PB 0x00000000c6d00000| Untracked 
| 110|0x00000000c6e00000, 0x00000000c6effff0, 0x00000000c6f00000| 99%| O|  |TAMS 0x00000000c6effff0| PB 0x00000000c6e00000| Untracked 
| 111|0x00000000c6f00000, 0x00000000c7000000, 0x00000000c7000000|100%| O|  |TAMS 0x00000000c7000000| PB 0x00000000c6f00000| Untracked 
| 112|0x00000000c7000000, 0x00000000c70ffff8, 0x00000000c7100000| 99%| O|  |TAMS 0x00000000c70ffff8| PB 0x00000000c7000000| Untracked 
| 113|0x00000000c7100000, 0x00000000c71ffff8, 0x00000000c7200000| 99%| O|  |TAMS 0x00000000c71ffff8| PB 0x00000000c7100000| Untracked 
| 114|0x00000000c7200000, 0x00000000c72ffff8, 0x00000000c7300000| 99%| O|  |TAMS 0x00000000c72ffff8| PB 0x00000000c7200000| Untracked 
| 115|0x00000000c7300000, 0x00000000c73ffe80, 0x00000000c7400000| 99%| O|  |TAMS 0x00000000c73ffe80| PB 0x00000000c7300000| Untracked 
| 116|0x00000000c7400000, 0x00000000c74ffff0, 0x00000000c7500000| 99%| O|  |TAMS 0x00000000c74ffff0| PB 0x00000000c7400000| Untracked 
| 117|0x00000000c7500000, 0x00000000c75ffff8, 0x00000000c7600000| 99%| O|  |TAMS 0x00000000c75ffff8| PB 0x00000000c7500000| Untracked 
| 118|0x00000000c7600000, 0x00000000c7700000, 0x00000000c7700000|100%|HS|  |TAMS 0x00000000c7700000| PB 0x00000000c7600000| Untracked 
| 119|0x00000000c7700000, 0x00000000c77fffd8, 0x00000000c7800000| 99%| O|  |TAMS 0x00000000c77fffd8| PB 0x00000000c7700000| Untracked 
| 120|0x00000000c7800000, 0x00000000c78fc338, 0x00000000c7900000| 98%| O|  |TAMS 0x00000000c78fc338| PB 0x00000000c7800000| Untracked 
| 121|0x00000000c7900000, 0x00000000c79fffe8, 0x00000000c7a00000| 99%| O|  |TAMS 0x00000000c79fffe8| PB 0x00000000c7900000| Untracked 
| 122|0x00000000c7a00000, 0x00000000c7affff0, 0x00000000c7b00000| 99%| O|  |TAMS 0x00000000c7affff0| PB 0x00000000c7a00000| Untracked 
| 123|0x00000000c7b00000, 0x00000000c7c00000, 0x00000000c7c00000|100%| O|  |TAMS 0x00000000c7c00000| PB 0x00000000c7b00000| Untracked 
| 124|0x00000000c7c00000, 0x00000000c7cfffe8, 0x00000000c7d00000| 99%| O|  |TAMS 0x00000000c7cfffe8| PB 0x00000000c7c00000| Untracked 
| 125|0x00000000c7d00000, 0x00000000c7dfffc0, 0x00000000c7e00000| 99%| O|  |TAMS 0x00000000c7dfffc0| PB 0x00000000c7d00000| Untracked 
| 126|0x00000000c7e00000, 0x00000000c7efffb0, 0x00000000c7f00000| 99%| O|  |TAMS 0x00000000c7efffb0| PB 0x00000000c7e00000| Untracked 
| 127|0x00000000c7f00000, 0x00000000c7fffff8, 0x00000000c8000000| 99%| O|  |TAMS 0x00000000c7fffff8| PB 0x00000000c7f00000| Untracked 
| 128|0x00000000c8000000, 0x00000000c8100000, 0x00000000c8100000|100%| O|  |TAMS 0x00000000c8100000| PB 0x00000000c8000000| Untracked 
| 129|0x00000000c8100000, 0x00000000c81ffff0, 0x00000000c8200000| 99%| O|  |TAMS 0x00000000c81ffff0| PB 0x00000000c8100000| Untracked 
| 130|0x00000000c8200000, 0x00000000c8300000, 0x00000000c8300000|100%|HS|  |TAMS 0x00000000c8300000| PB 0x00000000c8200000| Complete 
| 131|0x00000000c8300000, 0x00000000c8400000, 0x00000000c8400000|100%|HC|  |TAMS 0x00000000c8400000| PB 0x00000000c8300000| Complete 
| 132|0x00000000c8400000, 0x00000000c8500000, 0x00000000c8500000|100%|HC|  |TAMS 0x00000000c8500000| PB 0x00000000c8400000| Complete 
| 133|0x00000000c8500000, 0x00000000c8600000, 0x00000000c8600000|100%|HC|  |TAMS 0x00000000c8600000| PB 0x00000000c8500000| Complete 
| 134|0x00000000c8600000, 0x00000000c8700000, 0x00000000c8700000|100%|HC|  |TAMS 0x00000000c8700000| PB 0x00000000c8600000| Complete 
| 135|0x00000000c8700000, 0x00000000c8800000, 0x00000000c8800000|100%|HC|  |TAMS 0x00000000c8800000| PB 0x00000000c8700000| Complete 
| 136|0x00000000c8800000, 0x00000000c8900000, 0x00000000c8900000|100%|HC|  |TAMS 0x00000000c8900000| PB 0x00000000c8800000| Complete 
| 137|0x00000000c8900000, 0x00000000c8a00000, 0x00000000c8a00000|100%|HC|  |TAMS 0x00000000c8a00000| PB 0x00000000c8900000| Complete 
| 138|0x00000000c8a00000, 0x00000000c8afc7c8, 0x00000000c8b00000| 98%| O|  |TAMS 0x00000000c8afc7c8| PB 0x00000000c8a00000| Untracked 
| 139|0x00000000c8b00000, 0x00000000c8bffcf8, 0x00000000c8c00000| 99%| O|  |TAMS 0x00000000c8bffcf8| PB 0x00000000c8b00000| Untracked 
| 140|0x00000000c8c00000, 0x00000000c8cffff0, 0x00000000c8d00000| 99%| O|  |TAMS 0x00000000c8cffff0| PB 0x00000000c8c00000| Untracked 
| 141|0x00000000c8d00000, 0x00000000c8dffff0, 0x00000000c8e00000| 99%| O|  |TAMS 0x00000000c8dffff0| PB 0x00000000c8d00000| Untracked 
| 142|0x00000000c8e00000, 0x00000000c8efffa0, 0x00000000c8f00000| 99%| O|  |TAMS 0x00000000c8efffa0| PB 0x00000000c8e00000| Untracked 
| 143|0x00000000c8f00000, 0x00000000c8ffffb8, 0x00000000c9000000| 99%| O|  |TAMS 0x00000000c8ffffb8| PB 0x00000000c8f00000| Untracked 
| 144|0x00000000c9000000, 0x00000000c90ffff8, 0x00000000c9100000| 99%| O|  |TAMS 0x00000000c90ffff8| PB 0x00000000c9000000| Untracked 
| 145|0x00000000c9100000, 0x00000000c91ffff8, 0x00000000c9200000| 99%| O|  |TAMS 0x00000000c91ffff8| PB 0x00000000c9100000| Untracked 
| 146|0x00000000c9200000, 0x00000000c9300000, 0x00000000c9300000|100%|HS|  |TAMS 0x00000000c9300000| PB 0x00000000c9200000| Complete 
| 147|0x00000000c9300000, 0x00000000c9400000, 0x00000000c9400000|100%| O|  |TAMS 0x00000000c9400000| PB 0x00000000c9300000| Untracked 
| 148|0x00000000c9400000, 0x00000000c9500000, 0x00000000c9500000|100%| O|  |TAMS 0x00000000c9500000| PB 0x00000000c9400000| Untracked 
| 149|0x00000000c9500000, 0x00000000c95fffd0, 0x00000000c9600000| 99%| O|  |TAMS 0x00000000c95fffd0| PB 0x00000000c9500000| Untracked 
| 150|0x00000000c9600000, 0x00000000c9700000, 0x00000000c9700000|100%| O|  |TAMS 0x00000000c9700000| PB 0x00000000c9600000| Untracked 
| 151|0x00000000c9700000, 0x00000000c97fffe0, 0x00000000c9800000| 99%| O|  |TAMS 0x00000000c97fffe0| PB 0x00000000c9700000| Untracked 
| 152|0x00000000c9800000, 0x00000000c98f6558, 0x00000000c9900000| 96%| O|  |TAMS 0x00000000c98f6558| PB 0x00000000c9800000| Untracked 
| 153|0x00000000c9900000, 0x00000000c9a00000, 0x00000000c9a00000|100%| O|  |TAMS 0x00000000c9a00000| PB 0x00000000c9900000| Untracked 
| 154|0x00000000c9a00000, 0x00000000c9afffe8, 0x00000000c9b00000| 99%| O|  |TAMS 0x00000000c9afffe8| PB 0x00000000c9a00000| Untracked 
| 155|0x00000000c9b00000, 0x00000000c9bffff8, 0x00000000c9c00000| 99%| O|  |TAMS 0x00000000c9bffff8| PB 0x00000000c9b00000| Untracked 
| 156|0x00000000c9c00000, 0x00000000c9cfd990, 0x00000000c9d00000| 99%| O|  |TAMS 0x00000000c9cfd990| PB 0x00000000c9c00000| Untracked 
| 157|0x00000000c9d00000, 0x00000000c9e00000, 0x00000000c9e00000|100%| O|  |TAMS 0x00000000c9e00000| PB 0x00000000c9d00000| Untracked 
| 158|0x00000000c9e00000, 0x00000000c9effff8, 0x00000000c9f00000| 99%| O|  |TAMS 0x00000000c9effff8| PB 0x00000000c9e00000| Untracked 
| 159|0x00000000c9f00000, 0x00000000c9ffffe0, 0x00000000ca000000| 99%| O|  |TAMS 0x00000000c9ffffe0| PB 0x00000000c9f00000| Untracked 
| 160|0x00000000ca000000, 0x00000000ca0ffff0, 0x00000000ca100000| 99%| O|  |TAMS 0x00000000ca0ffff0| PB 0x00000000ca000000| Untracked 
| 161|0x00000000ca100000, 0x00000000ca1fffc0, 0x00000000ca200000| 99%| O|  |TAMS 0x00000000ca1fffc0| PB 0x00000000ca100000| Untracked 
| 162|0x00000000ca200000, 0x00000000ca300000, 0x00000000ca300000|100%|HS|  |TAMS 0x00000000ca300000| PB 0x00000000ca200000| Complete 
| 163|0x00000000ca300000, 0x00000000ca3fffa0, 0x00000000ca400000| 99%| O|  |TAMS 0x00000000ca3fffa0| PB 0x00000000ca300000| Untracked 
| 164|0x00000000ca400000, 0x00000000ca500000, 0x00000000ca500000|100%|HS|  |TAMS 0x00000000ca500000| PB 0x00000000ca400000| Complete 
| 165|0x00000000ca500000, 0x00000000ca5ffff0, 0x00000000ca600000| 99%| O|  |TAMS 0x00000000ca5ffff0| PB 0x00000000ca500000| Untracked 
| 166|0x00000000ca600000, 0x00000000ca6fff80, 0x00000000ca700000| 99%| O|  |TAMS 0x00000000ca6fff80| PB 0x00000000ca600000| Untracked 
| 167|0x00000000ca700000, 0x00000000ca7ffff0, 0x00000000ca800000| 99%| O|  |TAMS 0x00000000ca7ffff0| PB 0x00000000ca700000| Untracked 
| 168|0x00000000ca800000, 0x00000000ca8ffd78, 0x00000000ca900000| 99%| O|  |TAMS 0x00000000ca8ffd78| PB 0x00000000ca800000| Untracked 
| 169|0x00000000ca900000, 0x00000000ca9fffb8, 0x00000000caa00000| 99%| O|  |TAMS 0x00000000ca9fffb8| PB 0x00000000ca900000| Untracked 
| 170|0x00000000caa00000, 0x00000000caaffb28, 0x00000000cab00000| 99%| O|  |TAMS 0x00000000caaffb28| PB 0x00000000caa00000| Untracked 
| 171|0x00000000cab00000, 0x00000000cabf63d0, 0x00000000cac00000| 96%| O|  |TAMS 0x00000000cabf63d0| PB 0x00000000cab00000| Untracked 
| 172|0x00000000cac00000, 0x00000000cacfff98, 0x00000000cad00000| 99%| O|  |TAMS 0x00000000cacfff98| PB 0x00000000cac00000| Untracked 
| 173|0x00000000cad00000, 0x00000000cae00000, 0x00000000cae00000|100%| O|  |TAMS 0x00000000cae00000| PB 0x00000000cad00000| Untracked 
| 174|0x00000000cae00000, 0x00000000caf00000, 0x00000000caf00000|100%| O|  |TAMS 0x00000000caf00000| PB 0x00000000cae00000| Untracked 
| 175|0x00000000caf00000, 0x00000000cb000000, 0x00000000cb000000|100%| O|  |TAMS 0x00000000cb000000| PB 0x00000000caf00000| Untracked 
| 176|0x00000000cb000000, 0x00000000cb0ffff0, 0x00000000cb100000| 99%| O|  |TAMS 0x00000000cb0ffff0| PB 0x00000000cb000000| Untracked 
| 177|0x00000000cb100000, 0x00000000cb1ffff8, 0x00000000cb200000| 99%| O|  |TAMS 0x00000000cb1ffff8| PB 0x00000000cb100000| Untracked 
| 178|0x00000000cb200000, 0x00000000cb300000, 0x00000000cb300000|100%| O|  |TAMS 0x00000000cb300000| PB 0x00000000cb200000| Untracked 
| 179|0x00000000cb300000, 0x00000000cb3fffc8, 0x00000000cb400000| 99%| O|  |TAMS 0x00000000cb3fffc8| PB 0x00000000cb300000| Untracked 
| 180|0x00000000cb400000, 0x00000000cb4fffe8, 0x00000000cb500000| 99%| O|  |TAMS 0x00000000cb4fffe8| PB 0x00000000cb400000| Untracked 
| 181|0x00000000cb500000, 0x00000000cb5ffc70, 0x00000000cb600000| 99%| O|  |TAMS 0x00000000cb5ffc70| PB 0x00000000cb500000| Untracked 
| 182|0x00000000cb600000, 0x00000000cb6ffff8, 0x00000000cb700000| 99%| O|  |TAMS 0x00000000cb6ffff8| PB 0x00000000cb600000| Untracked 
| 183|0x00000000cb700000, 0x00000000cb7fffd0, 0x00000000cb800000| 99%| O|  |TAMS 0x00000000cb7fffd0| PB 0x00000000cb700000| Untracked 
| 184|0x00000000cb800000, 0x00000000cb900000, 0x00000000cb900000|100%|HS|  |TAMS 0x00000000cb900000| PB 0x00000000cb800000| Complete 
| 185|0x00000000cb900000, 0x00000000cb9ffff8, 0x00000000cba00000| 99%| O|  |TAMS 0x00000000cb9ffff8| PB 0x00000000cb900000| Untracked 
| 186|0x00000000cba00000, 0x00000000cbafffe8, 0x00000000cbb00000| 99%| O|  |TAMS 0x00000000cbafffe8| PB 0x00000000cba00000| Untracked 
| 187|0x00000000cbb00000, 0x00000000cbc00000, 0x00000000cbc00000|100%| O|  |TAMS 0x00000000cbc00000| PB 0x00000000cbb00000| Untracked 
| 188|0x00000000cbc00000, 0x00000000cbcfffd8, 0x00000000cbd00000| 99%| O|  |TAMS 0x00000000cbcfffd8| PB 0x00000000cbc00000| Untracked 
| 189|0x00000000cbd00000, 0x00000000cbe00000, 0x00000000cbe00000|100%| O|  |TAMS 0x00000000cbe00000| PB 0x00000000cbd00000| Untracked 
| 190|0x00000000cbe00000, 0x00000000cbf00000, 0x00000000cbf00000|100%| O|  |TAMS 0x00000000cbf00000| PB 0x00000000cbe00000| Untracked 
| 191|0x00000000cbf00000, 0x00000000cbfffff8, 0x00000000cc000000| 99%| O|  |TAMS 0x00000000cbfffff8| PB 0x00000000cbf00000| Untracked 
| 192|0x00000000cc000000, 0x00000000cc0ffff8, 0x00000000cc100000| 99%| O|  |TAMS 0x00000000cc0ffff8| PB 0x00000000cc000000| Untracked 
| 193|0x00000000cc100000, 0x00000000cc200000, 0x00000000cc200000|100%| O|  |TAMS 0x00000000cc200000| PB 0x00000000cc100000| Untracked 
| 194|0x00000000cc200000, 0x00000000cc2ffff0, 0x00000000cc300000| 99%| O|  |TAMS 0x00000000cc2ffff0| PB 0x00000000cc200000| Untracked 
| 195|0x00000000cc300000, 0x00000000cc3fe650, 0x00000000cc400000| 99%| O|  |TAMS 0x00000000cc3fe650| PB 0x00000000cc300000| Untracked 
| 196|0x00000000cc400000, 0x00000000cc500000, 0x00000000cc500000|100%| O|  |TAMS 0x00000000cc500000| PB 0x00000000cc400000| Untracked 
| 197|0x00000000cc500000, 0x00000000cc600000, 0x00000000cc600000|100%| O|  |TAMS 0x00000000cc600000| PB 0x00000000cc500000| Untracked 
| 198|0x00000000cc600000, 0x00000000cc6ffff8, 0x00000000cc700000| 99%| O|  |TAMS 0x00000000cc6ffff8| PB 0x00000000cc600000| Untracked 
| 199|0x00000000cc700000, 0x00000000cc7f5648, 0x00000000cc800000| 95%| O|  |TAMS 0x00000000cc7f5648| PB 0x00000000cc700000| Untracked 
| 200|0x00000000cc800000, 0x00000000cc900000, 0x00000000cc900000|100%| O|  |TAMS 0x00000000cc900000| PB 0x00000000cc800000| Untracked 
| 201|0x00000000cc900000, 0x00000000cc9fff80, 0x00000000cca00000| 99%| O|  |TAMS 0x00000000cc9fff80| PB 0x00000000cc900000| Untracked 
| 202|0x00000000cca00000, 0x00000000ccaffff8, 0x00000000ccb00000| 99%| O|  |TAMS 0x00000000ccaffff8| PB 0x00000000cca00000| Untracked 
| 203|0x00000000ccb00000, 0x00000000ccbffff8, 0x00000000ccc00000| 99%| O|  |TAMS 0x00000000ccbffff8| PB 0x00000000ccb00000| Untracked 
| 204|0x00000000ccc00000, 0x00000000ccd00000, 0x00000000ccd00000|100%| O|  |TAMS 0x00000000ccd00000| PB 0x00000000ccc00000| Untracked 
| 205|0x00000000ccd00000, 0x00000000ccdffff0, 0x00000000cce00000| 99%| O|  |TAMS 0x00000000ccdffff0| PB 0x00000000ccd00000| Untracked 
| 206|0x00000000cce00000, 0x00000000cceffff0, 0x00000000ccf00000| 99%| O|  |TAMS 0x00000000cceffff0| PB 0x00000000cce00000| Untracked 
| 207|0x00000000ccf00000, 0x00000000ccffffe0, 0x00000000cd000000| 99%| O|  |TAMS 0x00000000ccffffe0| PB 0x00000000ccf00000| Untracked 
| 208|0x00000000cd000000, 0x00000000cd0ffff8, 0x00000000cd100000| 99%| O|  |TAMS 0x00000000cd0ffff8| PB 0x00000000cd000000| Untracked 
| 209|0x00000000cd100000, 0x00000000cd1fffe0, 0x00000000cd200000| 99%| O|  |TAMS 0x00000000cd1fffe0| PB 0x00000000cd100000| Untracked 
| 210|0x00000000cd200000, 0x00000000cd2ffff8, 0x00000000cd300000| 99%| O|  |TAMS 0x00000000cd2ffff8| PB 0x00000000cd200000| Untracked 
| 211|0x00000000cd300000, 0x00000000cd3ffff0, 0x00000000cd400000| 99%| O|  |TAMS 0x00000000cd3ffff0| PB 0x00000000cd300000| Untracked 
| 212|0x00000000cd400000, 0x00000000cd4ffff0, 0x00000000cd500000| 99%| O|  |TAMS 0x00000000cd4ffff0| PB 0x00000000cd400000| Untracked 
| 213|0x00000000cd500000, 0x00000000cd5ffff8, 0x00000000cd600000| 99%| O|  |TAMS 0x00000000cd5ffff8| PB 0x00000000cd500000| Untracked 
| 214|0x00000000cd600000, 0x00000000cd6fffb8, 0x00000000cd700000| 99%| O|  |TAMS 0x00000000cd6fffb8| PB 0x00000000cd600000| Untracked 
| 215|0x00000000cd700000, 0x00000000cd800000, 0x00000000cd800000|100%| O|  |TAMS 0x00000000cd800000| PB 0x00000000cd700000| Untracked 
| 216|0x00000000cd800000, 0x00000000cd8fffe0, 0x00000000cd900000| 99%| O|  |TAMS 0x00000000cd8fffe0| PB 0x00000000cd800000| Untracked 
| 217|0x00000000cd900000, 0x00000000cda00000, 0x00000000cda00000|100%| O|  |TAMS 0x00000000cda00000| PB 0x00000000cd900000| Untracked 
| 218|0x00000000cda00000, 0x00000000cdb00000, 0x00000000cdb00000|100%| O|  |TAMS 0x00000000cdb00000| PB 0x00000000cda00000| Untracked 
| 219|0x00000000cdb00000, 0x00000000cdc00000, 0x00000000cdc00000|100%|HS|  |TAMS 0x00000000cdc00000| PB 0x00000000cdb00000| Complete 
| 220|0x00000000cdc00000, 0x00000000cdd00000, 0x00000000cdd00000|100%|HS|  |TAMS 0x00000000cdd00000| PB 0x00000000cdc00000| Complete 
| 221|0x00000000cdd00000, 0x00000000cde00000, 0x00000000cde00000|100%|HC|  |TAMS 0x00000000cde00000| PB 0x00000000cdd00000| Complete 
| 222|0x00000000cde00000, 0x00000000cdf00000, 0x00000000cdf00000|100%| O|  |TAMS 0x00000000cdf00000| PB 0x00000000cde00000| Untracked 
| 223|0x00000000cdf00000, 0x00000000cdffffe8, 0x00000000ce000000| 99%| O|  |TAMS 0x00000000cdffffe8| PB 0x00000000cdf00000| Untracked 
| 224|0x00000000ce000000, 0x00000000ce0ffff8, 0x00000000ce100000| 99%| O|  |TAMS 0x00000000ce0ffff8| PB 0x00000000ce000000| Untracked 
| 225|0x00000000ce100000, 0x00000000ce1ffff0, 0x00000000ce200000| 99%| O|  |TAMS 0x00000000ce1ffff0| PB 0x00000000ce100000| Untracked 
| 226|0x00000000ce200000, 0x00000000ce2fffe0, 0x00000000ce300000| 99%| O|  |TAMS 0x00000000ce2fffe0| PB 0x00000000ce200000| Untracked 
| 227|0x00000000ce300000, 0x00000000ce400000, 0x00000000ce400000|100%| O|  |TAMS 0x00000000ce400000| PB 0x00000000ce300000| Untracked 
| 228|0x00000000ce400000, 0x00000000ce4fffc0, 0x00000000ce500000| 99%| O|  |TAMS 0x00000000ce4fffc0| PB 0x00000000ce400000| Untracked 
| 229|0x00000000ce500000, 0x00000000ce600000, 0x00000000ce600000|100%| O|  |TAMS 0x00000000ce600000| PB 0x00000000ce500000| Untracked 
| 230|0x00000000ce600000, 0x00000000ce700000, 0x00000000ce700000|100%| O|  |TAMS 0x00000000ce700000| PB 0x00000000ce600000| Untracked 
| 231|0x00000000ce700000, 0x00000000ce7ffff0, 0x00000000ce800000| 99%| O|  |TAMS 0x00000000ce7ffff0| PB 0x00000000ce700000| Untracked 
| 232|0x00000000ce800000, 0x00000000ce900000, 0x00000000ce900000|100%| O|  |TAMS 0x00000000ce900000| PB 0x00000000ce800000| Untracked 
| 233|0x00000000ce900000, 0x00000000cea00000, 0x00000000cea00000|100%| O|  |TAMS 0x00000000cea00000| PB 0x00000000ce900000| Untracked 
| 234|0x00000000cea00000, 0x00000000ceaf7920, 0x00000000ceb00000| 96%| O|  |TAMS 0x00000000ceaf7920| PB 0x00000000cea00000| Untracked 
| 235|0x00000000ceb00000, 0x00000000cebffff8, 0x00000000cec00000| 99%| O|  |TAMS 0x00000000cebffff8| PB 0x00000000ceb00000| Untracked 
| 236|0x00000000cec00000, 0x00000000cecfe050, 0x00000000ced00000| 99%| O|  |TAMS 0x00000000cecfe050| PB 0x00000000cec00000| Untracked 
| 237|0x00000000ced00000, 0x00000000cee00000, 0x00000000cee00000|100%| O|  |TAMS 0x00000000cee00000| PB 0x00000000ced00000| Untracked 
| 238|0x00000000cee00000, 0x00000000ceeffff0, 0x00000000cef00000| 99%| O|  |TAMS 0x00000000ceeffff0| PB 0x00000000cee00000| Untracked 
| 239|0x00000000cef00000, 0x00000000ceffffe8, 0x00000000cf000000| 99%| O|  |TAMS 0x00000000ceffffe8| PB 0x00000000cef00000| Untracked 
| 240|0x00000000cf000000, 0x00000000cf100000, 0x00000000cf100000|100%| O|  |TAMS 0x00000000cf100000| PB 0x00000000cf000000| Untracked 
| 241|0x00000000cf100000, 0x00000000cf1ffff8, 0x00000000cf200000| 99%| O|  |TAMS 0x00000000cf1ffff8| PB 0x00000000cf100000| Untracked 
| 242|0x00000000cf200000, 0x00000000cf300000, 0x00000000cf300000|100%| O|  |TAMS 0x00000000cf300000| PB 0x00000000cf200000| Untracked 
| 243|0x00000000cf300000, 0x00000000cf3ffff0, 0x00000000cf400000| 99%| O|  |TAMS 0x00000000cf3ffff0| PB 0x00000000cf300000| Untracked 
| 244|0x00000000cf400000, 0x00000000cf500000, 0x00000000cf500000|100%| O|  |TAMS 0x00000000cf500000| PB 0x00000000cf400000| Untracked 
| 245|0x00000000cf500000, 0x00000000cf5fffe8, 0x00000000cf600000| 99%| O|  |TAMS 0x00000000cf5fffe8| PB 0x00000000cf500000| Untracked 
| 246|0x00000000cf600000, 0x00000000cf6fffe8, 0x00000000cf700000| 99%| O|  |TAMS 0x00000000cf6fffe8| PB 0x00000000cf600000| Untracked 
| 247|0x00000000cf700000, 0x00000000cf7fffa8, 0x00000000cf800000| 99%| O|  |TAMS 0x00000000cf7fffa8| PB 0x00000000cf700000| Untracked 
| 248|0x00000000cf800000, 0x00000000cf8ffff8, 0x00000000cf900000| 99%| O|  |TAMS 0x00000000cf8ffff8| PB 0x00000000cf800000| Untracked 
| 249|0x00000000cf900000, 0x00000000cf9ffde0, 0x00000000cfa00000| 99%| O|  |TAMS 0x00000000cf9ffde0| PB 0x00000000cf900000| Untracked 
| 250|0x00000000cfa00000, 0x00000000cfaffff0, 0x00000000cfb00000| 99%| O|  |TAMS 0x00000000cfaffff0| PB 0x00000000cfa00000| Untracked 
| 251|0x00000000cfb00000, 0x00000000cfc00000, 0x00000000cfc00000|100%| O|  |TAMS 0x00000000cfc00000| PB 0x00000000cfb00000| Untracked 
| 252|0x00000000cfc00000, 0x00000000cfcffff8, 0x00000000cfd00000| 99%| O|  |TAMS 0x00000000cfcffff8| PB 0x00000000cfc00000| Untracked 
| 253|0x00000000cfd00000, 0x00000000cfdffff0, 0x00000000cfe00000| 99%| O|  |TAMS 0x00000000cfdffff0| PB 0x00000000cfd00000| Untracked 
| 254|0x00000000cfe00000, 0x00000000cff00000, 0x00000000cff00000|100%| O|  |TAMS 0x00000000cff00000| PB 0x00000000cfe00000| Untracked 
| 255|0x00000000cff00000, 0x00000000cfffda10, 0x00000000d0000000| 99%| O|  |TAMS 0x00000000cfffda10| PB 0x00000000cff00000| Untracked 
| 256|0x00000000d0000000, 0x00000000d00ffff8, 0x00000000d0100000| 99%| O|  |TAMS 0x00000000d00ffff8| PB 0x00000000d0000000| Untracked 
| 257|0x00000000d0100000, 0x00000000d01fffd0, 0x00000000d0200000| 99%| O|  |TAMS 0x00000000d01fffd0| PB 0x00000000d0100000| Untracked 
| 258|0x00000000d0200000, 0x00000000d0300000, 0x00000000d0300000|100%| O|  |TAMS 0x00000000d0300000| PB 0x00000000d0200000| Untracked 
| 259|0x00000000d0300000, 0x00000000d03ffff8, 0x00000000d0400000| 99%| O|  |TAMS 0x00000000d03ffff8| PB 0x00000000d0300000| Untracked 
| 260|0x00000000d0400000, 0x00000000d04ffff8, 0x00000000d0500000| 99%| O|  |TAMS 0x00000000d04ffff8| PB 0x00000000d0400000| Untracked 
| 261|0x00000000d0500000, 0x00000000d05ffff8, 0x00000000d0600000| 99%| O|  |TAMS 0x00000000d05ffff8| PB 0x00000000d0500000| Untracked 
| 262|0x00000000d0600000, 0x00000000d06ffbe8, 0x00000000d0700000| 99%| O|  |TAMS 0x00000000d06ffbe8| PB 0x00000000d0600000| Untracked 
| 263|0x00000000d0700000, 0x00000000d0800000, 0x00000000d0800000|100%|HS|  |TAMS 0x00000000d0800000| PB 0x00000000d0700000| Complete 
| 264|0x00000000d0800000, 0x00000000d0900000, 0x00000000d0900000|100%|HC|  |TAMS 0x00000000d0900000| PB 0x00000000d0800000| Complete 
| 265|0x00000000d0900000, 0x00000000d09fffd0, 0x00000000d0a00000| 99%| O|  |TAMS 0x00000000d09fffd0| PB 0x00000000d0900000| Untracked 
| 266|0x00000000d0a00000, 0x00000000d0affff0, 0x00000000d0b00000| 99%| O|  |TAMS 0x00000000d0affff0| PB 0x00000000d0a00000| Untracked 
| 267|0x00000000d0b00000, 0x00000000d0bfff58, 0x00000000d0c00000| 99%| O|  |TAMS 0x00000000d0bfff58| PB 0x00000000d0b00000| Untracked 
| 268|0x00000000d0c00000, 0x00000000d0cfffd8, 0x00000000d0d00000| 99%| O|  |TAMS 0x00000000d0cfffd8| PB 0x00000000d0c00000| Untracked 
| 269|0x00000000d0d00000, 0x00000000d0dfffd8, 0x00000000d0e00000| 99%| O|  |TAMS 0x00000000d0dfffd8| PB 0x00000000d0d00000| Untracked 
| 270|0x00000000d0e00000, 0x00000000d0f00000, 0x00000000d0f00000|100%| O|  |TAMS 0x00000000d0f00000| PB 0x00000000d0e00000| Untracked 
| 271|0x00000000d0f00000, 0x00000000d1000000, 0x00000000d1000000|100%| O|  |TAMS 0x00000000d1000000| PB 0x00000000d0f00000| Untracked 
| 272|0x00000000d1000000, 0x00000000d10fff78, 0x00000000d1100000| 99%| O|  |TAMS 0x00000000d10fff78| PB 0x00000000d1000000| Untracked 
| 273|0x00000000d1100000, 0x00000000d11fe740, 0x00000000d1200000| 99%| O|  |TAMS 0x00000000d11fe740| PB 0x00000000d1100000| Untracked 
| 274|0x00000000d1200000, 0x00000000d1300000, 0x00000000d1300000|100%| O|  |TAMS 0x00000000d1300000| PB 0x00000000d1200000| Untracked 
| 275|0x00000000d1300000, 0x00000000d13fffb0, 0x00000000d1400000| 99%| O|  |TAMS 0x00000000d13fffb0| PB 0x00000000d1300000| Untracked 
| 276|0x00000000d1400000, 0x00000000d14ffff8, 0x00000000d1500000| 99%| O|  |TAMS 0x00000000d14ffff8| PB 0x00000000d1400000| Untracked 
| 277|0x00000000d1500000, 0x00000000d1600000, 0x00000000d1600000|100%| O|  |TAMS 0x00000000d1600000| PB 0x00000000d1500000| Untracked 
| 278|0x00000000d1600000, 0x00000000d16fffe0, 0x00000000d1700000| 99%| O|  |TAMS 0x00000000d16fffe0| PB 0x00000000d1600000| Untracked 
| 279|0x00000000d1700000, 0x00000000d1800000, 0x00000000d1800000|100%| O|  |TAMS 0x00000000d1800000| PB 0x00000000d1700000| Untracked 
| 280|0x00000000d1800000, 0x00000000d18ffff0, 0x00000000d1900000| 99%| O|  |TAMS 0x00000000d18ffff0| PB 0x00000000d1800000| Untracked 
| 281|0x00000000d1900000, 0x00000000d19fcce8, 0x00000000d1a00000| 98%| O|  |TAMS 0x00000000d19fcce8| PB 0x00000000d1900000| Untracked 
| 282|0x00000000d1a00000, 0x00000000d1affff0, 0x00000000d1b00000| 99%| O|  |TAMS 0x00000000d1affff0| PB 0x00000000d1a00000| Untracked 
| 283|0x00000000d1b00000, 0x00000000d1bffff0, 0x00000000d1c00000| 99%| O|  |TAMS 0x00000000d1bffff0| PB 0x00000000d1b00000| Untracked 
| 284|0x00000000d1c00000, 0x00000000d1d00000, 0x00000000d1d00000|100%| O|  |TAMS 0x00000000d1d00000| PB 0x00000000d1c00000| Untracked 
| 285|0x00000000d1d00000, 0x00000000d1e00000, 0x00000000d1e00000|100%| O|  |TAMS 0x00000000d1e00000| PB 0x00000000d1d00000| Untracked 
| 286|0x00000000d1e00000, 0x00000000d1effff0, 0x00000000d1f00000| 99%| O|  |TAMS 0x00000000d1effff0| PB 0x00000000d1e00000| Untracked 
| 287|0x00000000d1f00000, 0x00000000d1ffffe8, 0x00000000d2000000| 99%| O|  |TAMS 0x00000000d1ffffe8| PB 0x00000000d1f00000| Untracked 
| 288|0x00000000d2000000, 0x00000000d20fffd8, 0x00000000d2100000| 99%| O|  |TAMS 0x00000000d20fffd8| PB 0x00000000d2000000| Untracked 
| 289|0x00000000d2100000, 0x00000000d2200000, 0x00000000d2200000|100%| O|  |TAMS 0x00000000d2200000| PB 0x00000000d2100000| Untracked 
| 290|0x00000000d2200000, 0x00000000d2300000, 0x00000000d2300000|100%| O|  |TAMS 0x00000000d2300000| PB 0x00000000d2200000| Untracked 
| 291|0x00000000d2300000, 0x00000000d23ffed8, 0x00000000d2400000| 99%| O|  |TAMS 0x00000000d23ffed8| PB 0x00000000d2300000| Untracked 
| 292|0x00000000d2400000, 0x00000000d24ffff0, 0x00000000d2500000| 99%| O|  |TAMS 0x00000000d24ffff0| PB 0x00000000d2400000| Untracked 
| 293|0x00000000d2500000, 0x00000000d25fc850, 0x00000000d2600000| 98%| O|  |TAMS 0x00000000d25fc850| PB 0x00000000d2500000| Untracked 
| 294|0x00000000d2600000, 0x00000000d26ffff8, 0x00000000d2700000| 99%| O|  |TAMS 0x00000000d26ffff8| PB 0x00000000d2600000| Untracked 
| 295|0x00000000d2700000, 0x00000000d2800000, 0x00000000d2800000|100%|HS|  |TAMS 0x00000000d2800000| PB 0x00000000d2700000| Untracked 
| 296|0x00000000d2800000, 0x00000000d28ff820, 0x00000000d2900000| 99%| O|  |TAMS 0x00000000d28ff820| PB 0x00000000d2800000| Untracked 
| 297|0x00000000d2900000, 0x00000000d29ffff8, 0x00000000d2a00000| 99%| O|  |TAMS 0x00000000d29ffff8| PB 0x00000000d2900000| Untracked 
| 298|0x00000000d2a00000, 0x00000000d2affff8, 0x00000000d2b00000| 99%| O|  |TAMS 0x00000000d2affff8| PB 0x00000000d2a00000| Untracked 
| 299|0x00000000d2b00000, 0x00000000d2bffff0, 0x00000000d2c00000| 99%| O|  |TAMS 0x00000000d2bffff0| PB 0x00000000d2b00000| Untracked 
| 300|0x00000000d2c00000, 0x00000000d2cffff8, 0x00000000d2d00000| 99%| O|  |TAMS 0x00000000d2cffff8| PB 0x00000000d2c00000| Untracked 
| 301|0x00000000d2d00000, 0x00000000d2e00000, 0x00000000d2e00000|100%| O|  |TAMS 0x00000000d2e00000| PB 0x00000000d2d00000| Untracked 
| 302|0x00000000d2e00000, 0x00000000d2effff0, 0x00000000d2f00000| 99%| O|  |TAMS 0x00000000d2effff0| PB 0x00000000d2e00000| Untracked 
| 303|0x00000000d2f00000, 0x00000000d3000000, 0x00000000d3000000|100%| O|  |TAMS 0x00000000d3000000| PB 0x00000000d2f00000| Untracked 
| 304|0x00000000d3000000, 0x00000000d30ffff0, 0x00000000d3100000| 99%| O|  |TAMS 0x00000000d30ffff0| PB 0x00000000d3000000| Untracked 
| 305|0x00000000d3100000, 0x00000000d31fffe0, 0x00000000d3200000| 99%| O|  |TAMS 0x00000000d31fffe0| PB 0x00000000d3100000| Untracked 
| 306|0x00000000d3200000, 0x00000000d32ffff0, 0x00000000d3300000| 99%| O|  |TAMS 0x00000000d32ffff0| PB 0x00000000d3200000| Untracked 
| 307|0x00000000d3300000, 0x00000000d3400000, 0x00000000d3400000|100%| O|  |TAMS 0x00000000d3400000| PB 0x00000000d3300000| Untracked 
| 308|0x00000000d3400000, 0x00000000d34f40f0, 0x00000000d3500000| 95%| O|  |TAMS 0x00000000d34f40f0| PB 0x00000000d3400000| Untracked 
| 309|0x00000000d3500000, 0x00000000d35ffff0, 0x00000000d3600000| 99%| O|  |TAMS 0x00000000d35ffff0| PB 0x00000000d3500000| Untracked 
| 310|0x00000000d3600000, 0x00000000d36ffff8, 0x00000000d3700000| 99%| O|  |TAMS 0x00000000d36ffff8| PB 0x00000000d3600000| Untracked 
| 311|0x00000000d3700000, 0x00000000d37ffe50, 0x00000000d3800000| 99%| O|  |TAMS 0x00000000d37ffe50| PB 0x00000000d3700000| Untracked 
| 312|0x00000000d3800000, 0x00000000d38fffc0, 0x00000000d3900000| 99%| O|  |TAMS 0x00000000d38fffc0| PB 0x00000000d3800000| Untracked 
| 313|0x00000000d3900000, 0x00000000d3a00000, 0x00000000d3a00000|100%| O|  |TAMS 0x00000000d3a00000| PB 0x00000000d3900000| Untracked 
| 314|0x00000000d3a00000, 0x00000000d3affff0, 0x00000000d3b00000| 99%| O|  |TAMS 0x00000000d3affff0| PB 0x00000000d3a00000| Untracked 
| 315|0x00000000d3b00000, 0x00000000d3bfffd8, 0x00000000d3c00000| 99%| O|  |TAMS 0x00000000d3bfffd8| PB 0x00000000d3b00000| Untracked 
| 316|0x00000000d3c00000, 0x00000000d3cff1f0, 0x00000000d3d00000| 99%| O|  |TAMS 0x00000000d3cff1f0| PB 0x00000000d3c00000| Untracked 
| 317|0x00000000d3d00000, 0x00000000d3dffff8, 0x00000000d3e00000| 99%| O|  |TAMS 0x00000000d3dffff8| PB 0x00000000d3d00000| Untracked 
| 318|0x00000000d3e00000, 0x00000000d3effff8, 0x00000000d3f00000| 99%| O|  |TAMS 0x00000000d3effff8| PB 0x00000000d3e00000| Untracked 
| 319|0x00000000d3f00000, 0x00000000d3fffff0, 0x00000000d4000000| 99%| O|  |TAMS 0x00000000d3fffff0| PB 0x00000000d3f00000| Untracked 
| 320|0x00000000d4000000, 0x00000000d40fffd0, 0x00000000d4100000| 99%| O|  |TAMS 0x00000000d40fffd0| PB 0x00000000d4000000| Untracked 
| 321|0x00000000d4100000, 0x00000000d41fffe8, 0x00000000d4200000| 99%| O|  |TAMS 0x00000000d41fffe8| PB 0x00000000d4100000| Untracked 
| 322|0x00000000d4200000, 0x00000000d4300000, 0x00000000d4300000|100%| O|  |TAMS 0x00000000d4300000| PB 0x00000000d4200000| Untracked 
| 323|0x00000000d4300000, 0x00000000d4400000, 0x00000000d4400000|100%| O|  |TAMS 0x00000000d4400000| PB 0x00000000d4300000| Untracked 
| 324|0x00000000d4400000, 0x00000000d44ffff8, 0x00000000d4500000| 99%| O|  |TAMS 0x00000000d44ffff8| PB 0x00000000d4400000| Untracked 
| 325|0x00000000d4500000, 0x00000000d45fff88, 0x00000000d4600000| 99%| O|  |TAMS 0x00000000d45fff88| PB 0x00000000d4500000| Untracked 
| 326|0x00000000d4600000, 0x00000000d4700000, 0x00000000d4700000|100%| O|  |TAMS 0x00000000d4700000| PB 0x00000000d4600000| Untracked 
| 327|0x00000000d4700000, 0x00000000d47fffe0, 0x00000000d4800000| 99%| O|  |TAMS 0x00000000d47fffe0| PB 0x00000000d4700000| Untracked 
| 328|0x00000000d4800000, 0x00000000d4900000, 0x00000000d4900000|100%| O|  |TAMS 0x00000000d4900000| PB 0x00000000d4800000| Untracked 
| 329|0x00000000d4900000, 0x00000000d49ffff8, 0x00000000d4a00000| 99%| O|  |TAMS 0x00000000d49ffff8| PB 0x00000000d4900000| Untracked 
| 330|0x00000000d4a00000, 0x00000000d4afffe0, 0x00000000d4b00000| 99%| O|  |TAMS 0x00000000d4afffe0| PB 0x00000000d4a00000| Untracked 
| 331|0x00000000d4b00000, 0x00000000d4bfffe8, 0x00000000d4c00000| 99%| O|  |TAMS 0x00000000d4bfffe8| PB 0x00000000d4b00000| Untracked 
| 332|0x00000000d4c00000, 0x00000000d4cffff8, 0x00000000d4d00000| 99%| O|  |TAMS 0x00000000d4cffff8| PB 0x00000000d4c00000| Untracked 
| 333|0x00000000d4d00000, 0x00000000d4dfffe8, 0x00000000d4e00000| 99%| O|  |TAMS 0x00000000d4dfffe8| PB 0x00000000d4d00000| Untracked 
| 334|0x00000000d4e00000, 0x00000000d4efffc8, 0x00000000d4f00000| 99%| O|  |TAMS 0x00000000d4efffc8| PB 0x00000000d4e00000| Untracked 
| 335|0x00000000d4f00000, 0x00000000d4ffffe0, 0x00000000d5000000| 99%| O|  |TAMS 0x00000000d4ffffe0| PB 0x00000000d4f00000| Untracked 
| 336|0x00000000d5000000, 0x00000000d50ffed8, 0x00000000d5100000| 99%| O|  |TAMS 0x00000000d50ffed8| PB 0x00000000d5000000| Untracked 
| 337|0x00000000d5100000, 0x00000000d5200000, 0x00000000d5200000|100%| O|  |TAMS 0x00000000d5200000| PB 0x00000000d5100000| Untracked 
| 338|0x00000000d5200000, 0x00000000d52fffe8, 0x00000000d5300000| 99%| O|  |TAMS 0x00000000d52fffe8| PB 0x00000000d5200000| Untracked 
| 339|0x00000000d5300000, 0x00000000d53ffff8, 0x00000000d5400000| 99%| O|  |TAMS 0x00000000d53ffff8| PB 0x00000000d5300000| Untracked 
| 340|0x00000000d5400000, 0x00000000d54fffd0, 0x00000000d5500000| 99%| O|  |TAMS 0x00000000d54fffd0| PB 0x00000000d5400000| Untracked 
| 341|0x00000000d5500000, 0x00000000d55ffff8, 0x00000000d5600000| 99%| O|  |TAMS 0x00000000d55ffff8| PB 0x00000000d5500000| Untracked 
| 342|0x00000000d5600000, 0x00000000d56ffff0, 0x00000000d5700000| 99%| O|  |TAMS 0x00000000d56ffff0| PB 0x00000000d5600000| Untracked 
| 343|0x00000000d5700000, 0x00000000d57ffff8, 0x00000000d5800000| 99%| O|  |TAMS 0x00000000d57ffff8| PB 0x00000000d5700000| Untracked 
| 344|0x00000000d5800000, 0x00000000d5900000, 0x00000000d5900000|100%| O|  |TAMS 0x00000000d5900000| PB 0x00000000d5800000| Untracked 
| 345|0x00000000d5900000, 0x00000000d5a00000, 0x00000000d5a00000|100%| O|  |TAMS 0x00000000d5a00000| PB 0x00000000d5900000| Untracked 
| 346|0x00000000d5a00000, 0x00000000d5affff8, 0x00000000d5b00000| 99%| O|  |TAMS 0x00000000d5affff8| PB 0x00000000d5a00000| Untracked 
| 347|0x00000000d5b00000, 0x00000000d5bffff0, 0x00000000d5c00000| 99%| O|  |TAMS 0x00000000d5bffff0| PB 0x00000000d5b00000| Untracked 
| 348|0x00000000d5c00000, 0x00000000d5d00000, 0x00000000d5d00000|100%| O|  |TAMS 0x00000000d5d00000| PB 0x00000000d5c00000| Untracked 
| 349|0x00000000d5d00000, 0x00000000d5e00000, 0x00000000d5e00000|100%| O|  |TAMS 0x00000000d5e00000| PB 0x00000000d5d00000| Untracked 
| 350|0x00000000d5e00000, 0x00000000d5efffe8, 0x00000000d5f00000| 99%| O|  |TAMS 0x00000000d5efffe8| PB 0x00000000d5e00000| Untracked 
| 351|0x00000000d5f00000, 0x00000000d5fffff8, 0x00000000d6000000| 99%| O|  |TAMS 0x00000000d5fffff8| PB 0x00000000d5f00000| Untracked 
| 352|0x00000000d6000000, 0x00000000d6100000, 0x00000000d6100000|100%| O|  |TAMS 0x00000000d6100000| PB 0x00000000d6000000| Untracked 
| 353|0x00000000d6100000, 0x00000000d6200000, 0x00000000d6200000|100%| O|  |TAMS 0x00000000d6200000| PB 0x00000000d6100000| Untracked 
| 354|0x00000000d6200000, 0x00000000d6300000, 0x00000000d6300000|100%| O|  |TAMS 0x00000000d6300000| PB 0x00000000d6200000| Untracked 
| 355|0x00000000d6300000, 0x00000000d63fffe0, 0x00000000d6400000| 99%| O|  |TAMS 0x00000000d63fffe0| PB 0x00000000d6300000| Untracked 
| 356|0x00000000d6400000, 0x00000000d64fd980, 0x00000000d6500000| 99%| O|  |TAMS 0x00000000d64fd980| PB 0x00000000d6400000| Untracked 
| 357|0x00000000d6500000, 0x00000000d65ffff8, 0x00000000d6600000| 99%| O|  |TAMS 0x00000000d65ffff8| PB 0x00000000d6500000| Untracked 
| 358|0x00000000d6600000, 0x00000000d66fffe0, 0x00000000d6700000| 99%| O|  |TAMS 0x00000000d66fffe0| PB 0x00000000d6600000| Untracked 
| 359|0x00000000d6700000, 0x00000000d6800000, 0x00000000d6800000|100%| O|  |TAMS 0x00000000d6800000| PB 0x00000000d6700000| Untracked 
| 360|0x00000000d6800000, 0x00000000d68fffe8, 0x00000000d6900000| 99%| O|  |TAMS 0x00000000d68fffe8| PB 0x00000000d6800000| Untracked 
| 361|0x00000000d6900000, 0x00000000d69ffff0, 0x00000000d6a00000| 99%| O|  |TAMS 0x00000000d69ffff0| PB 0x00000000d6900000| Untracked 
| 362|0x00000000d6a00000, 0x00000000d6affff0, 0x00000000d6b00000| 99%| O|  |TAMS 0x00000000d6affff0| PB 0x00000000d6a00000| Untracked 
| 363|0x00000000d6b00000, 0x00000000d6bfffd8, 0x00000000d6c00000| 99%| O|  |TAMS 0x00000000d6bfffd8| PB 0x00000000d6b00000| Untracked 
| 364|0x00000000d6c00000, 0x00000000d6cfff80, 0x00000000d6d00000| 99%| O|  |TAMS 0x00000000d6cfff80| PB 0x00000000d6c00000| Untracked 
| 365|0x00000000d6d00000, 0x00000000d6dff9b0, 0x00000000d6e00000| 99%| O|  |TAMS 0x00000000d6dff9b0| PB 0x00000000d6d00000| Untracked 
| 366|0x00000000d6e00000, 0x00000000d6f00000, 0x00000000d6f00000|100%| O|  |TAMS 0x00000000d6f00000| PB 0x00000000d6e00000| Untracked 
| 367|0x00000000d6f00000, 0x00000000d6ffffe8, 0x00000000d7000000| 99%| O|  |TAMS 0x00000000d6ffffe8| PB 0x00000000d6f00000| Untracked 
| 368|0x00000000d7000000, 0x00000000d70fffd8, 0x00000000d7100000| 99%| O|  |TAMS 0x00000000d70fffd8| PB 0x00000000d7000000| Untracked 
| 369|0x00000000d7100000, 0x00000000d71ffff0, 0x00000000d7200000| 99%| O|  |TAMS 0x00000000d71ffff0| PB 0x00000000d7100000| Untracked 
| 370|0x00000000d7200000, 0x00000000d72ffe78, 0x00000000d7300000| 99%| O|  |TAMS 0x00000000d72ffe78| PB 0x00000000d7200000| Untracked 
| 371|0x00000000d7300000, 0x00000000d73ffff8, 0x00000000d7400000| 99%| O|  |TAMS 0x00000000d73ffff8| PB 0x00000000d7300000| Untracked 
| 372|0x00000000d7400000, 0x00000000d74ffff0, 0x00000000d7500000| 99%| O|  |TAMS 0x00000000d74ffff0| PB 0x00000000d7400000| Untracked 
| 373|0x00000000d7500000, 0x00000000d75fffe0, 0x00000000d7600000| 99%| O|  |TAMS 0x00000000d75fffe0| PB 0x00000000d7500000| Untracked 
| 374|0x00000000d7600000, 0x00000000d76ffff8, 0x00000000d7700000| 99%| O|  |TAMS 0x00000000d76ffff8| PB 0x00000000d7600000| Untracked 
| 375|0x00000000d7700000, 0x00000000d7800000, 0x00000000d7800000|100%| O|  |TAMS 0x00000000d7800000| PB 0x00000000d7700000| Untracked 
| 376|0x00000000d7800000, 0x00000000d78fffd8, 0x00000000d7900000| 99%| O|  |TAMS 0x00000000d78fffd8| PB 0x00000000d7800000| Untracked 
| 377|0x00000000d7900000, 0x00000000d79fffe8, 0x00000000d7a00000| 99%| O|  |TAMS 0x00000000d79fffe8| PB 0x00000000d7900000| Untracked 
| 378|0x00000000d7a00000, 0x00000000d7afffe8, 0x00000000d7b00000| 99%| O|  |TAMS 0x00000000d7afffe8| PB 0x00000000d7a00000| Untracked 
| 379|0x00000000d7b00000, 0x00000000d7bffff0, 0x00000000d7c00000| 99%| O|  |TAMS 0x00000000d7bffff0| PB 0x00000000d7b00000| Untracked 
| 380|0x00000000d7c00000, 0x00000000d7cffff8, 0x00000000d7d00000| 99%| O|  |TAMS 0x00000000d7cffff8| PB 0x00000000d7c00000| Untracked 
| 381|0x00000000d7d00000, 0x00000000d7e00000, 0x00000000d7e00000|100%| O|  |TAMS 0x00000000d7e00000| PB 0x00000000d7d00000| Untracked 
| 382|0x00000000d7e00000, 0x00000000d7efffc0, 0x00000000d7f00000| 99%| O|  |TAMS 0x00000000d7efffc0| PB 0x00000000d7e00000| Untracked 
| 383|0x00000000d7f00000, 0x00000000d7ffff90, 0x00000000d8000000| 99%| O|  |TAMS 0x00000000d7ffff90| PB 0x00000000d7f00000| Untracked 
| 384|0x00000000d8000000, 0x00000000d80fffe8, 0x00000000d8100000| 99%| O|  |TAMS 0x00000000d80fffe8| PB 0x00000000d8000000| Untracked 
| 385|0x00000000d8100000, 0x00000000d81ffff8, 0x00000000d8200000| 99%| O|  |TAMS 0x00000000d81ffff8| PB 0x00000000d8100000| Untracked 
| 386|0x00000000d8200000, 0x00000000d82ffff0, 0x00000000d8300000| 99%| O|  |TAMS 0x00000000d82ffff0| PB 0x00000000d8200000| Untracked 
| 387|0x00000000d8300000, 0x00000000d8400000, 0x00000000d8400000|100%| O|  |TAMS 0x00000000d8400000| PB 0x00000000d8300000| Untracked 
| 388|0x00000000d8400000, 0x00000000d84fffe8, 0x00000000d8500000| 99%| O|  |TAMS 0x00000000d84fffe8| PB 0x00000000d8400000| Untracked 
| 389|0x00000000d8500000, 0x00000000d8600000, 0x00000000d8600000|100%| O|  |TAMS 0x00000000d8600000| PB 0x00000000d8500000| Untracked 
| 390|0x00000000d8600000, 0x00000000d86fffe8, 0x00000000d8700000| 99%| O|  |TAMS 0x00000000d86fffe8| PB 0x00000000d8600000| Untracked 
| 391|0x00000000d8700000, 0x00000000d87fff70, 0x00000000d8800000| 99%| O|  |TAMS 0x00000000d87fff70| PB 0x00000000d8700000| Untracked 
| 392|0x00000000d8800000, 0x00000000d88fffa8, 0x00000000d8900000| 99%| O|  |TAMS 0x00000000d88fffa8| PB 0x00000000d8800000| Untracked 
| 393|0x00000000d8900000, 0x00000000d89ffff8, 0x00000000d8a00000| 99%| O|  |TAMS 0x00000000d89ffff8| PB 0x00000000d8900000| Untracked 
| 394|0x00000000d8a00000, 0x00000000d8affff8, 0x00000000d8b00000| 99%| O|  |TAMS 0x00000000d8affff8| PB 0x00000000d8a00000| Untracked 
| 395|0x00000000d8b00000, 0x00000000d8c00000, 0x00000000d8c00000|100%| O|  |TAMS 0x00000000d8c00000| PB 0x00000000d8b00000| Untracked 
| 396|0x00000000d8c00000, 0x00000000d8cfffe8, 0x00000000d8d00000| 99%| O|  |TAMS 0x00000000d8cfffe8| PB 0x00000000d8c00000| Untracked 
| 397|0x00000000d8d00000, 0x00000000d8dfffe8, 0x00000000d8e00000| 99%| O|  |TAMS 0x00000000d8dfffe8| PB 0x00000000d8d00000| Untracked 
| 398|0x00000000d8e00000, 0x00000000d8effff0, 0x00000000d8f00000| 99%| O|  |TAMS 0x00000000d8effff0| PB 0x00000000d8e00000| Untracked 
| 399|0x00000000d8f00000, 0x00000000d8fffff0, 0x00000000d9000000| 99%| O|  |TAMS 0x00000000d8fffff0| PB 0x00000000d8f00000| Untracked 
| 400|0x00000000d9000000, 0x00000000d90ff720, 0x00000000d9100000| 99%| O|  |TAMS 0x00000000d90ff720| PB 0x00000000d9000000| Untracked 
| 401|0x00000000d9100000, 0x00000000d9200000, 0x00000000d9200000|100%| O|  |TAMS 0x00000000d9200000| PB 0x00000000d9100000| Untracked 
| 402|0x00000000d9200000, 0x00000000d9300000, 0x00000000d9300000|100%| O|  |TAMS 0x00000000d9300000| PB 0x00000000d9200000| Untracked 
| 403|0x00000000d9300000, 0x00000000d93fff78, 0x00000000d9400000| 99%| O|  |TAMS 0x00000000d93fff78| PB 0x00000000d9300000| Untracked 
| 404|0x00000000d9400000, 0x00000000d94fffe8, 0x00000000d9500000| 99%| O|  |TAMS 0x00000000d94fffe8| PB 0x00000000d9400000| Untracked 
| 405|0x00000000d9500000, 0x00000000d95fffe8, 0x00000000d9600000| 99%| O|  |TAMS 0x00000000d95fffe8| PB 0x00000000d9500000| Untracked 
| 406|0x00000000d9600000, 0x00000000d9700000, 0x00000000d9700000|100%| O|  |TAMS 0x00000000d9700000| PB 0x00000000d9600000| Untracked 
| 407|0x00000000d9700000, 0x00000000d97fffb0, 0x00000000d9800000| 99%| O|  |TAMS 0x00000000d97fffb0| PB 0x00000000d9700000| Untracked 
| 408|0x00000000d9800000, 0x00000000d98fffe8, 0x00000000d9900000| 99%| O|  |TAMS 0x00000000d98fffe8| PB 0x00000000d9800000| Untracked 
| 409|0x00000000d9900000, 0x00000000d99cbba8, 0x00000000d9a00000| 79%| O|  |TAMS 0x00000000d99cbba8| PB 0x00000000d9900000| Untracked 
| 410|0x00000000d9a00000, 0x00000000d9b00000, 0x00000000d9b00000|100%| O|  |TAMS 0x00000000d9b00000| PB 0x00000000d9a00000| Untracked 
| 411|0x00000000d9b00000, 0x00000000d9c00000, 0x00000000d9c00000|100%| O|  |TAMS 0x00000000d9c00000| PB 0x00000000d9b00000| Untracked 
| 412|0x00000000d9c00000, 0x00000000d9d00000, 0x00000000d9d00000|100%| O|  |TAMS 0x00000000d9d00000| PB 0x00000000d9c00000| Untracked 
| 413|0x00000000d9d00000, 0x00000000d9dfffb8, 0x00000000d9e00000| 99%| O|  |TAMS 0x00000000d9dfffb8| PB 0x00000000d9d00000| Untracked 
| 414|0x00000000d9e00000, 0x00000000d9efffe0, 0x00000000d9f00000| 99%| O|  |TAMS 0x00000000d9efffe0| PB 0x00000000d9e00000| Untracked 
| 415|0x00000000d9f00000, 0x00000000da000000, 0x00000000da000000|100%| O|  |TAMS 0x00000000da000000| PB 0x00000000d9f00000| Untracked 
| 416|0x00000000da000000, 0x00000000da100000, 0x00000000da100000|100%| O|  |TAMS 0x00000000da100000| PB 0x00000000da000000| Untracked 
| 417|0x00000000da100000, 0x00000000da200000, 0x00000000da200000|100%| O|  |TAMS 0x00000000da200000| PB 0x00000000da100000| Untracked 
| 418|0x00000000da200000, 0x00000000da300000, 0x00000000da300000|100%| O|  |TAMS 0x00000000da300000| PB 0x00000000da200000| Untracked 
| 419|0x00000000da300000, 0x00000000da400000, 0x00000000da400000|100%| O|  |TAMS 0x00000000da400000| PB 0x00000000da300000| Untracked 
| 420|0x00000000da400000, 0x00000000da500000, 0x00000000da500000|100%| O|  |TAMS 0x00000000da500000| PB 0x00000000da400000| Untracked 
| 421|0x00000000da500000, 0x00000000da600000, 0x00000000da600000|100%| O|  |TAMS 0x00000000da600000| PB 0x00000000da500000| Untracked 
| 422|0x00000000da600000, 0x00000000da700000, 0x00000000da700000|100%| O|  |TAMS 0x00000000da700000| PB 0x00000000da600000| Untracked 
| 423|0x00000000da700000, 0x00000000da7fffa0, 0x00000000da800000| 99%| O|  |TAMS 0x00000000da7fffa0| PB 0x00000000da700000| Untracked 
| 424|0x00000000da800000, 0x00000000da8fffe8, 0x00000000da900000| 99%| O|  |TAMS 0x00000000da8fffe8| PB 0x00000000da800000| Untracked 
| 425|0x00000000da900000, 0x00000000da9ffff0, 0x00000000daa00000| 99%| O|  |TAMS 0x00000000da9ffff0| PB 0x00000000da900000| Untracked 
| 426|0x00000000daa00000, 0x00000000daaff6c0, 0x00000000dab00000| 99%| O|  |TAMS 0x00000000daaff6c0| PB 0x00000000daa00000| Untracked 
| 427|0x00000000dab00000, 0x00000000dabffff8, 0x00000000dac00000| 99%| O|  |TAMS 0x00000000dabffff8| PB 0x00000000dab00000| Untracked 
| 428|0x00000000dac00000, 0x00000000dacffff8, 0x00000000dad00000| 99%| O|  |TAMS 0x00000000dacffff8| PB 0x00000000dac00000| Untracked 
| 429|0x00000000dad00000, 0x00000000dadfffa8, 0x00000000dae00000| 99%| O|  |TAMS 0x00000000dadfffa8| PB 0x00000000dad00000| Untracked 
| 430|0x00000000dae00000, 0x00000000daec31c8, 0x00000000daf00000| 76%| O|  |TAMS 0x00000000daec31c8| PB 0x00000000dae00000| Untracked 
| 431|0x00000000daf00000, 0x00000000dafffef8, 0x00000000db000000| 99%| O|  |TAMS 0x00000000dafffef8| PB 0x00000000daf00000| Untracked 
| 432|0x00000000db000000, 0x00000000db100000, 0x00000000db100000|100%| O|  |TAMS 0x00000000db100000| PB 0x00000000db000000| Untracked 
| 433|0x00000000db100000, 0x00000000db1fffe8, 0x00000000db200000| 99%| O|  |TAMS 0x00000000db1fffe8| PB 0x00000000db100000| Untracked 
| 434|0x00000000db200000, 0x00000000db2ffff8, 0x00000000db300000| 99%| O|  |TAMS 0x00000000db2ffff8| PB 0x00000000db200000| Untracked 
| 435|0x00000000db300000, 0x00000000db3ffff8, 0x00000000db400000| 99%| O|  |TAMS 0x00000000db3ffff8| PB 0x00000000db300000| Untracked 
| 436|0x00000000db400000, 0x00000000db400000, 0x00000000db500000|  0%| F|  |TAMS 0x00000000db400000| PB 0x00000000db400000| Untracked 
| 437|0x00000000db500000, 0x00000000db600000, 0x00000000db600000|100%| O|  |TAMS 0x00000000db600000| PB 0x00000000db500000| Untracked 
| 438|0x00000000db600000, 0x00000000db700000, 0x00000000db700000|100%| O|  |TAMS 0x00000000db700000| PB 0x00000000db600000| Untracked 
| 439|0x00000000db700000, 0x00000000db7fffe8, 0x00000000db800000| 99%| O|  |TAMS 0x00000000db7fffe8| PB 0x00000000db700000| Untracked 
| 440|0x00000000db800000, 0x00000000db900000, 0x00000000db900000|100%|HS|  |TAMS 0x00000000db900000| PB 0x00000000db800000| Complete 
| 441|0x00000000db900000, 0x00000000db9fffe8, 0x00000000dba00000| 99%| O|  |TAMS 0x00000000db9fffe8| PB 0x00000000db900000| Untracked 
| 442|0x00000000dba00000, 0x00000000dbafffc8, 0x00000000dbb00000| 99%| O|  |TAMS 0x00000000dbafffc8| PB 0x00000000dba00000| Untracked 
| 443|0x00000000dbb00000, 0x00000000dbc00000, 0x00000000dbc00000|100%|HS|  |TAMS 0x00000000dbc00000| PB 0x00000000dbb00000| Complete 
| 444|0x00000000dbc00000, 0x00000000dbd00000, 0x00000000dbd00000|100%|HC|  |TAMS 0x00000000dbd00000| PB 0x00000000dbc00000| Complete 
| 445|0x00000000dbd00000, 0x00000000dbe00000, 0x00000000dbe00000|100%|HC|  |TAMS 0x00000000dbe00000| PB 0x00000000dbd00000| Complete 
| 446|0x00000000dbe00000, 0x00000000dbf00000, 0x00000000dbf00000|100%|HC|  |TAMS 0x00000000dbf00000| PB 0x00000000dbe00000| Complete 
| 447|0x00000000dbf00000, 0x00000000dc000000, 0x00000000dc000000|100%|HC|  |TAMS 0x00000000dc000000| PB 0x00000000dbf00000| Complete 
| 448|0x00000000dc000000, 0x00000000dc100000, 0x00000000dc100000|100%|HC|  |TAMS 0x00000000dc100000| PB 0x00000000dc000000| Complete 
| 449|0x00000000dc100000, 0x00000000dc1fffd8, 0x00000000dc200000| 99%| O|  |TAMS 0x00000000dc1fffd8| PB 0x00000000dc100000| Untracked 
| 450|0x00000000dc200000, 0x00000000dc300000, 0x00000000dc300000|100%| O|  |TAMS 0x00000000dc300000| PB 0x00000000dc200000| Untracked 
| 451|0x00000000dc300000, 0x00000000dc3ffff0, 0x00000000dc400000| 99%| O|  |TAMS 0x00000000dc3ffff0| PB 0x00000000dc300000| Untracked 
| 452|0x00000000dc400000, 0x00000000dc4ffff8, 0x00000000dc500000| 99%| O|  |TAMS 0x00000000dc4ffff8| PB 0x00000000dc400000| Untracked 
| 453|0x00000000dc500000, 0x00000000dc5fffe8, 0x00000000dc600000| 99%| O|  |TAMS 0x00000000dc5fffe8| PB 0x00000000dc500000| Untracked 
| 454|0x00000000dc600000, 0x00000000dc6ffff8, 0x00000000dc700000| 99%| O|  |TAMS 0x00000000dc6ffff8| PB 0x00000000dc600000| Untracked 
| 455|0x00000000dc700000, 0x00000000dc7ffff8, 0x00000000dc800000| 99%| O|  |TAMS 0x00000000dc7ffff8| PB 0x00000000dc700000| Untracked 
| 456|0x00000000dc800000, 0x00000000dc8feb38, 0x00000000dc900000| 99%| O|  |TAMS 0x00000000dc8feb38| PB 0x00000000dc800000| Untracked 
| 457|0x00000000dc900000, 0x00000000dc9ffff8, 0x00000000dca00000| 99%| O|  |TAMS 0x00000000dc9ffff8| PB 0x00000000dc900000| Untracked 
| 458|0x00000000dca00000, 0x00000000dcb00000, 0x00000000dcb00000|100%| O|  |TAMS 0x00000000dcb00000| PB 0x00000000dca00000| Untracked 
| 459|0x00000000dcb00000, 0x00000000dcbfe500, 0x00000000dcc00000| 99%| O|  |TAMS 0x00000000dcbfe500| PB 0x00000000dcb00000| Untracked 
| 460|0x00000000dcc00000, 0x00000000dccffca0, 0x00000000dcd00000| 99%| O|  |TAMS 0x00000000dccffca0| PB 0x00000000dcc00000| Untracked 
| 461|0x00000000dcd00000, 0x00000000dcdffff8, 0x00000000dce00000| 99%| O|  |TAMS 0x00000000dcdffff8| PB 0x00000000dcd00000| Untracked 
| 462|0x00000000dce00000, 0x00000000dcefff70, 0x00000000dcf00000| 99%| O|  |TAMS 0x00000000dcefff70| PB 0x00000000dce00000| Untracked 
| 463|0x00000000dcf00000, 0x00000000dcfffff0, 0x00000000dd000000| 99%| O|  |TAMS 0x00000000dcfffff0| PB 0x00000000dcf00000| Untracked 
| 464|0x00000000dd000000, 0x00000000dd100000, 0x00000000dd100000|100%| O|  |TAMS 0x00000000dd100000| PB 0x00000000dd000000| Untracked 
| 465|0x00000000dd100000, 0x00000000dd1ffff0, 0x00000000dd200000| 99%| O|  |TAMS 0x00000000dd1ffff0| PB 0x00000000dd100000| Untracked 
| 466|0x00000000dd200000, 0x00000000dd2ffff8, 0x00000000dd300000| 99%| O|  |TAMS 0x00000000dd2ffff8| PB 0x00000000dd200000| Untracked 
| 467|0x00000000dd300000, 0x00000000dd3fffe8, 0x00000000dd400000| 99%| O|  |TAMS 0x00000000dd3fffe8| PB 0x00000000dd300000| Untracked 
| 468|0x00000000dd400000, 0x00000000dd4fffd0, 0x00000000dd500000| 99%| O|  |TAMS 0x00000000dd4fffd0| PB 0x00000000dd400000| Untracked 
| 469|0x00000000dd500000, 0x00000000dd5ffff8, 0x00000000dd600000| 99%| O|  |TAMS 0x00000000dd5ffff8| PB 0x00000000dd500000| Untracked 
| 470|0x00000000dd600000, 0x00000000dd6fd920, 0x00000000dd700000| 99%| O|  |TAMS 0x00000000dd6fd920| PB 0x00000000dd600000| Untracked 
| 471|0x00000000dd700000, 0x00000000dd7fb3b0, 0x00000000dd800000| 98%| O|  |TAMS 0x00000000dd7fb3b0| PB 0x00000000dd700000| Untracked 
| 472|0x00000000dd800000, 0x00000000dd900000, 0x00000000dd900000|100%| O|  |TAMS 0x00000000dd900000| PB 0x00000000dd800000| Untracked 
| 473|0x00000000dd900000, 0x00000000dd9fffe8, 0x00000000dda00000| 99%| O|  |TAMS 0x00000000dd9fffe8| PB 0x00000000dd900000| Untracked 
| 474|0x00000000dda00000, 0x00000000ddafffa8, 0x00000000ddb00000| 99%| O|  |TAMS 0x00000000ddafffa8| PB 0x00000000dda00000| Untracked 
| 475|0x00000000ddb00000, 0x00000000ddc00000, 0x00000000ddc00000|100%| O|  |TAMS 0x00000000ddc00000| PB 0x00000000ddb00000| Untracked 
| 476|0x00000000ddc00000, 0x00000000ddcffff8, 0x00000000ddd00000| 99%| O|  |TAMS 0x00000000ddcffff8| PB 0x00000000ddc00000| Untracked 
| 477|0x00000000ddd00000, 0x00000000dddfeb28, 0x00000000dde00000| 99%| O|  |TAMS 0x00000000dddfeb28| PB 0x00000000ddd00000| Untracked 
| 478|0x00000000dde00000, 0x00000000ddf00000, 0x00000000ddf00000|100%|HS|  |TAMS 0x00000000ddf00000| PB 0x00000000dde00000| Complete 
| 479|0x00000000ddf00000, 0x00000000de000000, 0x00000000de000000|100%| O|  |TAMS 0x00000000de000000| PB 0x00000000ddf00000| Untracked 
| 480|0x00000000de000000, 0x00000000de0fa8e0, 0x00000000de100000| 97%| O|  |TAMS 0x00000000de0fa8e0| PB 0x00000000de000000| Untracked 
| 481|0x00000000de100000, 0x00000000de1ffff0, 0x00000000de200000| 99%| O|  |TAMS 0x00000000de1ffff0| PB 0x00000000de100000| Untracked 
| 482|0x00000000de200000, 0x00000000de2ffff0, 0x00000000de300000| 99%| O|  |TAMS 0x00000000de2ffff0| PB 0x00000000de200000| Untracked 
| 483|0x00000000de300000, 0x00000000de400000, 0x00000000de400000|100%| O|  |TAMS 0x00000000de400000| PB 0x00000000de300000| Untracked 
| 484|0x00000000de400000, 0x00000000de4fffd0, 0x00000000de500000| 99%| O|  |TAMS 0x00000000de4fffd0| PB 0x00000000de400000| Untracked 
| 485|0x00000000de500000, 0x00000000de5ffff8, 0x00000000de600000| 99%| O|  |TAMS 0x00000000de5ffff8| PB 0x00000000de500000| Untracked 
| 486|0x00000000de600000, 0x00000000de6ffff8, 0x00000000de700000| 99%| O|  |TAMS 0x00000000de6ffff8| PB 0x00000000de600000| Untracked 
| 487|0x00000000de700000, 0x00000000de800000, 0x00000000de800000|100%| O|  |TAMS 0x00000000de800000| PB 0x00000000de700000| Untracked 
| 488|0x00000000de800000, 0x00000000de900000, 0x00000000de900000|100%| O|  |TAMS 0x00000000de900000| PB 0x00000000de800000| Untracked 
| 489|0x00000000de900000, 0x00000000dea00000, 0x00000000dea00000|100%| O|  |TAMS 0x00000000dea00000| PB 0x00000000de900000| Untracked 
| 490|0x00000000dea00000, 0x00000000deb00000, 0x00000000deb00000|100%| O|  |TAMS 0x00000000deb00000| PB 0x00000000dea00000| Untracked 
| 491|0x00000000deb00000, 0x00000000dec00000, 0x00000000dec00000|100%| O|  |TAMS 0x00000000dec00000| PB 0x00000000deb00000| Untracked 
| 492|0x00000000dec00000, 0x00000000decffff8, 0x00000000ded00000| 99%| O|  |TAMS 0x00000000decffff8| PB 0x00000000dec00000| Untracked 
| 493|0x00000000ded00000, 0x00000000dee00000, 0x00000000dee00000|100%| O|  |TAMS 0x00000000dee00000| PB 0x00000000ded00000| Untracked 
| 494|0x00000000dee00000, 0x00000000def00000, 0x00000000def00000|100%| O|  |TAMS 0x00000000def00000| PB 0x00000000dee00000| Untracked 
| 495|0x00000000def00000, 0x00000000deffffe8, 0x00000000df000000| 99%| O|  |TAMS 0x00000000deffffe8| PB 0x00000000def00000| Untracked 
| 496|0x00000000df000000, 0x00000000df100000, 0x00000000df100000|100%| O|  |TAMS 0x00000000df100000| PB 0x00000000df000000| Untracked 
| 497|0x00000000df100000, 0x00000000df1ffff0, 0x00000000df200000| 99%| O|  |TAMS 0x00000000df1ffff0| PB 0x00000000df100000| Untracked 
| 498|0x00000000df200000, 0x00000000df2ffff0, 0x00000000df300000| 99%| O|  |TAMS 0x00000000df2ffff0| PB 0x00000000df200000| Untracked 
| 499|0x00000000df300000, 0x00000000df3ffff0, 0x00000000df400000| 99%| O|  |TAMS 0x00000000df3ffff0| PB 0x00000000df300000| Untracked 
| 500|0x00000000df400000, 0x00000000df4ffff0, 0x00000000df500000| 99%| O|  |TAMS 0x00000000df4ffff0| PB 0x00000000df400000| Untracked 
| 501|0x00000000df500000, 0x00000000df600000, 0x00000000df600000|100%| O|  |TAMS 0x00000000df600000| PB 0x00000000df500000| Untracked 
| 502|0x00000000df600000, 0x00000000df6f0a30, 0x00000000df700000| 93%| O|  |TAMS 0x00000000df6f0a30| PB 0x00000000df600000| Untracked 
| 503|0x00000000df700000, 0x00000000df7ffff8, 0x00000000df800000| 99%| O|  |TAMS 0x00000000df7ffff8| PB 0x00000000df700000| Untracked 
| 504|0x00000000df800000, 0x00000000df8fd558, 0x00000000df900000| 98%| O|  |TAMS 0x00000000df8fd558| PB 0x00000000df800000| Untracked 
| 505|0x00000000df900000, 0x00000000df9ffff8, 0x00000000dfa00000| 99%| O|  |TAMS 0x00000000df9ffff8| PB 0x00000000df900000| Untracked 
| 506|0x00000000dfa00000, 0x00000000dfaffff8, 0x00000000dfb00000| 99%| O|  |TAMS 0x00000000dfaffff8| PB 0x00000000dfa00000| Untracked 
| 507|0x00000000dfb00000, 0x00000000dfc00000, 0x00000000dfc00000|100%|HS|  |TAMS 0x00000000dfc00000| PB 0x00000000dfb00000| Complete 
| 508|0x00000000dfc00000, 0x00000000dfd00000, 0x00000000dfd00000|100%|HC|  |TAMS 0x00000000dfd00000| PB 0x00000000dfc00000| Complete 
| 509|0x00000000dfd00000, 0x00000000dfdffff8, 0x00000000dfe00000| 99%| O|  |TAMS 0x00000000dfdffff8| PB 0x00000000dfd00000| Untracked 
| 510|0x00000000dfe00000, 0x00000000dff00000, 0x00000000dff00000|100%| O|  |TAMS 0x00000000dff00000| PB 0x00000000dfe00000| Untracked 
| 511|0x00000000dff00000, 0x00000000e0000000, 0x00000000e0000000|100%| O|  |TAMS 0x00000000e0000000| PB 0x00000000dff00000| Untracked 
| 512|0x00000000e0000000, 0x00000000e00ffff0, 0x00000000e0100000| 99%| O|  |TAMS 0x00000000e00ffff0| PB 0x00000000e0000000| Untracked 
| 513|0x00000000e0100000, 0x00000000e01ffff0, 0x00000000e0200000| 99%| O|  |TAMS 0x00000000e01ffff0| PB 0x00000000e0100000| Untracked 
| 514|0x00000000e0200000, 0x00000000e02ffff0, 0x00000000e0300000| 99%| O|  |TAMS 0x00000000e02ffff0| PB 0x00000000e0200000| Untracked 
| 515|0x00000000e0300000, 0x00000000e03ff4d8, 0x00000000e0400000| 99%| O|  |TAMS 0x00000000e03ff4d8| PB 0x00000000e0300000| Untracked 
| 516|0x00000000e0400000, 0x00000000e04ffff0, 0x00000000e0500000| 99%| O|  |TAMS 0x00000000e04ffff0| PB 0x00000000e0400000| Untracked 
| 517|0x00000000e0500000, 0x00000000e05ffff8, 0x00000000e0600000| 99%| O|  |TAMS 0x00000000e05ffff8| PB 0x00000000e0500000| Untracked 
| 518|0x00000000e0600000, 0x00000000e06dfc78, 0x00000000e0700000| 87%| O|  |TAMS 0x00000000e06dfc78| PB 0x00000000e0600000| Untracked 
| 519|0x00000000e0700000, 0x00000000e0800000, 0x00000000e0800000|100%| O|  |TAMS 0x00000000e0800000| PB 0x00000000e0700000| Untracked 
| 520|0x00000000e0800000, 0x00000000e08fffe8, 0x00000000e0900000| 99%| O|  |TAMS 0x00000000e08fffe8| PB 0x00000000e0800000| Untracked 
| 521|0x00000000e0900000, 0x00000000e0a00000, 0x00000000e0a00000|100%| O|  |TAMS 0x00000000e0a00000| PB 0x00000000e0900000| Untracked 
| 522|0x00000000e0a00000, 0x00000000e0b00000, 0x00000000e0b00000|100%| O|  |TAMS 0x00000000e0b00000| PB 0x00000000e0a00000| Untracked 
| 523|0x00000000e0b00000, 0x00000000e0bfffc8, 0x00000000e0c00000| 99%| O|  |TAMS 0x00000000e0bfffc8| PB 0x00000000e0b00000| Untracked 
| 524|0x00000000e0c00000, 0x00000000e0cd1598, 0x00000000e0d00000| 81%| O|  |TAMS 0x00000000e0cd1598| PB 0x00000000e0c00000| Untracked 
| 525|0x00000000e0d00000, 0x00000000e0e00000, 0x00000000e0e00000|100%| O|  |TAMS 0x00000000e0e00000| PB 0x00000000e0d00000| Untracked 
| 526|0x00000000e0e00000, 0x00000000e0f00000, 0x00000000e0f00000|100%| O|  |TAMS 0x00000000e0f00000| PB 0x00000000e0e00000| Untracked 
| 527|0x00000000e0f00000, 0x00000000e0ffffb8, 0x00000000e1000000| 99%| O|  |TAMS 0x00000000e0ffffb8| PB 0x00000000e0f00000| Untracked 
| 528|0x00000000e1000000, 0x00000000e1100000, 0x00000000e1100000|100%| O|  |TAMS 0x00000000e1100000| PB 0x00000000e1000000| Untracked 
| 529|0x00000000e1100000, 0x00000000e113f488, 0x00000000e1200000| 24%| O|  |TAMS 0x00000000e113f488| PB 0x00000000e1100000| Untracked 
| 530|0x00000000e1200000, 0x00000000e12fffd8, 0x00000000e1300000| 99%| O|  |TAMS 0x00000000e12fffd8| PB 0x00000000e1200000| Untracked 
| 531|0x00000000e1300000, 0x00000000e1400000, 0x00000000e1400000|100%| O|  |TAMS 0x00000000e1400000| PB 0x00000000e1300000| Untracked 
| 532|0x00000000e1400000, 0x00000000e1400000, 0x00000000e1500000|  0%| F|  |TAMS 0x00000000e1400000| PB 0x00000000e1400000| Untracked 
| 533|0x00000000e1500000, 0x00000000e1600000, 0x00000000e1600000|100%| O|  |TAMS 0x00000000e1600000| PB 0x00000000e1500000| Untracked 
| 534|0x00000000e1600000, 0x00000000e16a6480, 0x00000000e1700000| 64%| O|  |TAMS 0x00000000e16a6480| PB 0x00000000e1600000| Untracked 
| 535|0x00000000e1700000, 0x00000000e1800000, 0x00000000e1800000|100%| O|  |TAMS 0x00000000e1800000| PB 0x00000000e1700000| Untracked 
| 536|0x00000000e1800000, 0x00000000e18e6eb8, 0x00000000e1900000| 90%| O|  |TAMS 0x00000000e18e6eb8| PB 0x00000000e1800000| Untracked 
| 537|0x00000000e1900000, 0x00000000e1a00000, 0x00000000e1a00000|100%| O|  |TAMS 0x00000000e1a00000| PB 0x00000000e1900000| Untracked 
| 538|0x00000000e1a00000, 0x00000000e1aff8b0, 0x00000000e1b00000| 99%| O|  |TAMS 0x00000000e1aff8b0| PB 0x00000000e1a00000| Untracked 
| 539|0x00000000e1b00000, 0x00000000e1b00000, 0x00000000e1c00000|  0%| F|  |TAMS 0x00000000e1b00000| PB 0x00000000e1b00000| Untracked 
| 540|0x00000000e1c00000, 0x00000000e1d00000, 0x00000000e1d00000|100%| O|  |TAMS 0x00000000e1d00000| PB 0x00000000e1c00000| Untracked 
| 541|0x00000000e1d00000, 0x00000000e1e00000, 0x00000000e1e00000|100%|HS|  |TAMS 0x00000000e1e00000| PB 0x00000000e1d00000| Complete 
| 542|0x00000000e1e00000, 0x00000000e1f00000, 0x00000000e1f00000|100%| O|  |TAMS 0x00000000e1f00000| PB 0x00000000e1e00000| Untracked 
| 543|0x00000000e1f00000, 0x00000000e2000000, 0x00000000e2000000|100%| O|  |TAMS 0x00000000e2000000| PB 0x00000000e1f00000| Untracked 
| 544|0x00000000e2000000, 0x00000000e2100000, 0x00000000e2100000|100%| O|  |TAMS 0x00000000e2100000| PB 0x00000000e2000000| Untracked 
| 545|0x00000000e2100000, 0x00000000e2200000, 0x00000000e2200000|100%| O|  |TAMS 0x00000000e2200000| PB 0x00000000e2100000| Untracked 
| 546|0x00000000e2200000, 0x00000000e2300000, 0x00000000e2300000|100%| O|  |TAMS 0x00000000e2300000| PB 0x00000000e2200000| Untracked 
| 547|0x00000000e2300000, 0x00000000e2300000, 0x00000000e2400000|  0%| F|  |TAMS 0x00000000e2300000| PB 0x00000000e2300000| Untracked 
| 548|0x00000000e2400000, 0x00000000e2400000, 0x00000000e2500000|  0%| F|  |TAMS 0x00000000e2400000| PB 0x00000000e2400000| Untracked 
| 549|0x00000000e2500000, 0x00000000e2500000, 0x00000000e2600000|  0%| F|  |TAMS 0x00000000e2500000| PB 0x00000000e2500000| Untracked 
| 550|0x00000000e2600000, 0x00000000e2600000, 0x00000000e2700000|  0%| F|  |TAMS 0x00000000e2600000| PB 0x00000000e2600000| Untracked 
| 551|0x00000000e2700000, 0x00000000e2700000, 0x00000000e2800000|  0%| F|  |TAMS 0x00000000e2700000| PB 0x00000000e2700000| Untracked 
| 552|0x00000000e2800000, 0x00000000e2800000, 0x00000000e2900000|  0%| F|  |TAMS 0x00000000e2800000| PB 0x00000000e2800000| Untracked 
| 553|0x00000000e2900000, 0x00000000e2900000, 0x00000000e2a00000|  0%| F|  |TAMS 0x00000000e2900000| PB 0x00000000e2900000| Untracked 
| 554|0x00000000e2a00000, 0x00000000e2a00000, 0x00000000e2b00000|  0%| F|  |TAMS 0x00000000e2a00000| PB 0x00000000e2a00000| Untracked 
| 555|0x00000000e2b00000, 0x00000000e2bfffc0, 0x00000000e2c00000| 99%| O|  |TAMS 0x00000000e2bfffc0| PB 0x00000000e2b00000| Untracked 
| 556|0x00000000e2c00000, 0x00000000e2c00000, 0x00000000e2d00000|  0%| F|  |TAMS 0x00000000e2c00000| PB 0x00000000e2c00000| Untracked 
| 557|0x00000000e2d00000, 0x00000000e2d00000, 0x00000000e2e00000|  0%| F|  |TAMS 0x00000000e2d00000| PB 0x00000000e2d00000| Untracked 
| 558|0x00000000e2e00000, 0x00000000e2ec5910, 0x00000000e2f00000| 77%| O|  |TAMS 0x00000000e2ec5910| PB 0x00000000e2e00000| Untracked 
| 559|0x00000000e2f00000, 0x00000000e2f00000, 0x00000000e3000000|  0%| F|  |TAMS 0x00000000e2f00000| PB 0x00000000e2f00000| Untracked 
| 560|0x00000000e3000000, 0x00000000e3000000, 0x00000000e3100000|  0%| F|  |TAMS 0x00000000e3000000| PB 0x00000000e3000000| Untracked 
| 561|0x00000000e3100000, 0x00000000e3200000, 0x00000000e3200000|100%| O|  |TAMS 0x00000000e3200000| PB 0x00000000e3100000| Untracked 
| 562|0x00000000e3200000, 0x00000000e3200000, 0x00000000e3300000|  0%| F|  |TAMS 0x00000000e3200000| PB 0x00000000e3200000| Untracked 
| 563|0x00000000e3300000, 0x00000000e3400000, 0x00000000e3400000|100%| O|  |TAMS 0x00000000e3400000| PB 0x00000000e3300000| Untracked 
| 564|0x00000000e3400000, 0x00000000e3400000, 0x00000000e3500000|  0%| F|  |TAMS 0x00000000e3400000| PB 0x00000000e3400000| Untracked 
| 565|0x00000000e3500000, 0x00000000e35e1ea8, 0x00000000e3600000| 88%| O|  |TAMS 0x00000000e35e1ea8| PB 0x00000000e3500000| Untracked 
| 566|0x00000000e3600000, 0x00000000e3600000, 0x00000000e3700000|  0%| F|  |TAMS 0x00000000e3600000| PB 0x00000000e3600000| Untracked 
| 567|0x00000000e3700000, 0x00000000e3700000, 0x00000000e3800000|  0%| F|  |TAMS 0x00000000e3700000| PB 0x00000000e3700000| Untracked 
| 568|0x00000000e3800000, 0x00000000e3800000, 0x00000000e3900000|  0%| F|  |TAMS 0x00000000e3800000| PB 0x00000000e3800000| Untracked 
| 569|0x00000000e3900000, 0x00000000e3900000, 0x00000000e3a00000|  0%| F|  |TAMS 0x00000000e3900000| PB 0x00000000e3900000| Untracked 
| 570|0x00000000e3a00000, 0x00000000e3aa50b8, 0x00000000e3b00000| 64%| O|  |TAMS 0x00000000e3aa50b8| PB 0x00000000e3a00000| Untracked 
| 571|0x00000000e3b00000, 0x00000000e3b00000, 0x00000000e3c00000|  0%| F|  |TAMS 0x00000000e3b00000| PB 0x00000000e3b00000| Untracked 
| 572|0x00000000e3c00000, 0x00000000e3c00000, 0x00000000e3d00000|  0%| F|  |TAMS 0x00000000e3c00000| PB 0x00000000e3c00000| Untracked 
| 573|0x00000000e3d00000, 0x00000000e3d00000, 0x00000000e3e00000|  0%| F|  |TAMS 0x00000000e3d00000| PB 0x00000000e3d00000| Untracked 
| 574|0x00000000e3e00000, 0x00000000e3e00000, 0x00000000e3f00000|  0%| F|  |TAMS 0x00000000e3e00000| PB 0x00000000e3e00000| Untracked 
| 575|0x00000000e3f00000, 0x00000000e4000000, 0x00000000e4000000|100%| O|  |TAMS 0x00000000e4000000| PB 0x00000000e3f00000| Untracked 
| 576|0x00000000e4000000, 0x00000000e4100000, 0x00000000e4100000|100%| O|  |TAMS 0x00000000e4100000| PB 0x00000000e4000000| Untracked 
| 577|0x00000000e4100000, 0x00000000e4100000, 0x00000000e4200000|  0%| F|  |TAMS 0x00000000e4100000| PB 0x00000000e4100000| Untracked 
| 578|0x00000000e4200000, 0x00000000e4200000, 0x00000000e4300000|  0%| F|  |TAMS 0x00000000e4200000| PB 0x00000000e4200000| Untracked 
| 579|0x00000000e4300000, 0x00000000e4400000, 0x00000000e4400000|100%| O|  |TAMS 0x00000000e4400000| PB 0x00000000e4300000| Untracked 
| 580|0x00000000e4400000, 0x00000000e4500000, 0x00000000e4500000|100%| O|  |TAMS 0x00000000e4500000| PB 0x00000000e4400000| Untracked 
| 581|0x00000000e4500000, 0x00000000e4500000, 0x00000000e4600000|  0%| F|  |TAMS 0x00000000e4500000| PB 0x00000000e4500000| Untracked 
| 582|0x00000000e4600000, 0x00000000e4600000, 0x00000000e4700000|  0%| F|  |TAMS 0x00000000e4600000| PB 0x00000000e4600000| Untracked 
| 583|0x00000000e4700000, 0x00000000e4700000, 0x00000000e4800000|  0%| F|  |TAMS 0x00000000e4700000| PB 0x00000000e4700000| Untracked 
| 584|0x00000000e4800000, 0x00000000e4800000, 0x00000000e4900000|  0%| F|  |TAMS 0x00000000e4800000| PB 0x00000000e4800000| Untracked 
| 585|0x00000000e4900000, 0x00000000e4900000, 0x00000000e4a00000|  0%| F|  |TAMS 0x00000000e4900000| PB 0x00000000e4900000| Untracked 
| 586|0x00000000e4a00000, 0x00000000e4a00000, 0x00000000e4b00000|  0%| F|  |TAMS 0x00000000e4a00000| PB 0x00000000e4a00000| Untracked 
| 587|0x00000000e4b00000, 0x00000000e4b00000, 0x00000000e4c00000|  0%| F|  |TAMS 0x00000000e4b00000| PB 0x00000000e4b00000| Untracked 
| 588|0x00000000e4c00000, 0x00000000e4c00000, 0x00000000e4d00000|  0%| F|  |TAMS 0x00000000e4c00000| PB 0x00000000e4c00000| Untracked 
| 589|0x00000000e4d00000, 0x00000000e4e00000, 0x00000000e4e00000|100%| O|  |TAMS 0x00000000e4e00000| PB 0x00000000e4d00000| Untracked 
| 590|0x00000000e4e00000, 0x00000000e4e00000, 0x00000000e4f00000|  0%| F|  |TAMS 0x00000000e4e00000| PB 0x00000000e4e00000| Untracked 
| 591|0x00000000e4f00000, 0x00000000e4f00000, 0x00000000e5000000|  0%| F|  |TAMS 0x00000000e4f00000| PB 0x00000000e4f00000| Untracked 
| 592|0x00000000e5000000, 0x00000000e5000000, 0x00000000e5100000|  0%| F|  |TAMS 0x00000000e5000000| PB 0x00000000e5000000| Untracked 
| 593|0x00000000e5100000, 0x00000000e5200000, 0x00000000e5200000|100%| O|  |TAMS 0x00000000e5200000| PB 0x00000000e5100000| Untracked 
| 594|0x00000000e5200000, 0x00000000e5200000, 0x00000000e5300000|  0%| F|  |TAMS 0x00000000e5200000| PB 0x00000000e5200000| Untracked 
| 595|0x00000000e5300000, 0x00000000e5300000, 0x00000000e5400000|  0%| F|  |TAMS 0x00000000e5300000| PB 0x00000000e5300000| Untracked 
| 596|0x00000000e5400000, 0x00000000e5400000, 0x00000000e5500000|  0%| F|  |TAMS 0x00000000e5400000| PB 0x00000000e5400000| Untracked 
| 597|0x00000000e5500000, 0x00000000e5500000, 0x00000000e5600000|  0%| F|  |TAMS 0x00000000e5500000| PB 0x00000000e5500000| Untracked 
| 598|0x00000000e5600000, 0x00000000e5600000, 0x00000000e5700000|  0%| F|  |TAMS 0x00000000e5600000| PB 0x00000000e5600000| Untracked 
| 599|0x00000000e5700000, 0x00000000e5800000, 0x00000000e5800000|100%| S|CS|TAMS 0x00000000e5700000| PB 0x00000000e5700000| Complete 
| 600|0x00000000e5800000, 0x00000000e5900000, 0x00000000e5900000|100%| S|CS|TAMS 0x00000000e5800000| PB 0x00000000e5800000| Complete 
| 601|0x00000000e5900000, 0x00000000e5a00000, 0x00000000e5a00000|100%| S|CS|TAMS 0x00000000e5900000| PB 0x00000000e5900000| Complete 
| 602|0x00000000e5a00000, 0x00000000e5b00000, 0x00000000e5b00000|100%| S|CS|TAMS 0x00000000e5a00000| PB 0x00000000e5a00000| Complete 
| 603|0x00000000e5b00000, 0x00000000e5b00000, 0x00000000e5c00000|  0%| F|  |TAMS 0x00000000e5b00000| PB 0x00000000e5b00000| Untracked 
| 604|0x00000000e5c00000, 0x00000000e5d00000, 0x00000000e5d00000|100%| O|  |TAMS 0x00000000e5d00000| PB 0x00000000e5c00000| Untracked 
| 605|0x00000000e5d00000, 0x00000000e5d00000, 0x00000000e5e00000|  0%| F|  |TAMS 0x00000000e5d00000| PB 0x00000000e5d00000| Untracked 
| 606|0x00000000e5e00000, 0x00000000e5e00000, 0x00000000e5f00000|  0%| F|  |TAMS 0x00000000e5e00000| PB 0x00000000e5e00000| Untracked 
| 607|0x00000000e5f00000, 0x00000000e5f00000, 0x00000000e6000000|  0%| F|  |TAMS 0x00000000e5f00000| PB 0x00000000e5f00000| Untracked 
| 608|0x00000000e6000000, 0x00000000e6000000, 0x00000000e6100000|  0%| F|  |TAMS 0x00000000e6000000| PB 0x00000000e6000000| Untracked 
| 609|0x00000000e6100000, 0x00000000e6100000, 0x00000000e6200000|  0%| F|  |TAMS 0x00000000e6100000| PB 0x00000000e6100000| Untracked 
| 610|0x00000000e6200000, 0x00000000e6200000, 0x00000000e6300000|  0%| F|  |TAMS 0x00000000e6200000| PB 0x00000000e6200000| Untracked 
| 611|0x00000000e6300000, 0x00000000e6400000, 0x00000000e6400000|100%| S|CS|TAMS 0x00000000e6300000| PB 0x00000000e6300000| Complete 
| 612|0x00000000e6400000, 0x00000000e6500000, 0x00000000e6500000|100%|HS|  |TAMS 0x00000000e6500000| PB 0x00000000e6400000| Complete 
| 613|0x00000000e6500000, 0x00000000e6600000, 0x00000000e6600000|100%| S|CS|TAMS 0x00000000e6500000| PB 0x00000000e6500000| Complete 
| 614|0x00000000e6600000, 0x00000000e6700000, 0x00000000e6700000|100%| S|CS|TAMS 0x00000000e6600000| PB 0x00000000e6600000| Complete 
| 615|0x00000000e6700000, 0x00000000e6700000, 0x00000000e6800000|  0%| F|  |TAMS 0x00000000e6700000| PB 0x00000000e6700000| Untracked 
| 616|0x00000000e6800000, 0x00000000e6800000, 0x00000000e6900000|  0%| F|  |TAMS 0x00000000e6800000| PB 0x00000000e6800000| Untracked 
| 617|0x00000000e6900000, 0x00000000e6900000, 0x00000000e6a00000|  0%| F|  |TAMS 0x00000000e6900000| PB 0x00000000e6900000| Untracked 
| 618|0x00000000e6a00000, 0x00000000e6a00000, 0x00000000e6b00000|  0%| F|  |TAMS 0x00000000e6a00000| PB 0x00000000e6a00000| Untracked 
| 619|0x00000000e6b00000, 0x00000000e6b00000, 0x00000000e6c00000|  0%| F|  |TAMS 0x00000000e6b00000| PB 0x00000000e6b00000| Untracked 
| 620|0x00000000e6c00000, 0x00000000e6c00000, 0x00000000e6d00000|  0%| F|  |TAMS 0x00000000e6c00000| PB 0x00000000e6c00000| Untracked 
| 621|0x00000000e6d00000, 0x00000000e6d00000, 0x00000000e6e00000|  0%| F|  |TAMS 0x00000000e6d00000| PB 0x00000000e6d00000| Untracked 
| 622|0x00000000e6e00000, 0x00000000e6e00000, 0x00000000e6f00000|  0%| F|  |TAMS 0x00000000e6e00000| PB 0x00000000e6e00000| Untracked 
| 623|0x00000000e6f00000, 0x00000000e6f00000, 0x00000000e7000000|  0%| F|  |TAMS 0x00000000e6f00000| PB 0x00000000e6f00000| Untracked 
| 624|0x00000000e7000000, 0x00000000e7000000, 0x00000000e7100000|  0%| F|  |TAMS 0x00000000e7000000| PB 0x00000000e7000000| Untracked 
| 625|0x00000000e7100000, 0x00000000e7100000, 0x00000000e7200000|  0%| F|  |TAMS 0x00000000e7100000| PB 0x00000000e7100000| Untracked 
| 626|0x00000000e7200000, 0x00000000e7200000, 0x00000000e7300000|  0%| F|  |TAMS 0x00000000e7200000| PB 0x00000000e7200000| Untracked 
| 627|0x00000000e7300000, 0x00000000e7300000, 0x00000000e7400000|  0%| F|  |TAMS 0x00000000e7300000| PB 0x00000000e7300000| Untracked 
| 628|0x00000000e7400000, 0x00000000e7400000, 0x00000000e7500000|  0%| F|  |TAMS 0x00000000e7400000| PB 0x00000000e7400000| Untracked 
| 629|0x00000000e7500000, 0x00000000e7500000, 0x00000000e7600000|  0%| F|  |TAMS 0x00000000e7500000| PB 0x00000000e7500000| Untracked 
| 630|0x00000000e7600000, 0x00000000e7600000, 0x00000000e7700000|  0%| F|  |TAMS 0x00000000e7600000| PB 0x00000000e7600000| Untracked 
| 631|0x00000000e7700000, 0x00000000e7700000, 0x00000000e7800000|  0%| F|  |TAMS 0x00000000e7700000| PB 0x00000000e7700000| Untracked 
| 632|0x00000000e7800000, 0x00000000e7800000, 0x00000000e7900000|  0%| F|  |TAMS 0x00000000e7800000| PB 0x00000000e7800000| Untracked 
| 633|0x00000000e7900000, 0x00000000e7900000, 0x00000000e7a00000|  0%| F|  |TAMS 0x00000000e7900000| PB 0x00000000e7900000| Untracked 
| 634|0x00000000e7a00000, 0x00000000e7a00000, 0x00000000e7b00000|  0%| F|  |TAMS 0x00000000e7a00000| PB 0x00000000e7a00000| Untracked 
| 635|0x00000000e7b00000, 0x00000000e7b00000, 0x00000000e7c00000|  0%| F|  |TAMS 0x00000000e7b00000| PB 0x00000000e7b00000| Untracked 
| 636|0x00000000e7c00000, 0x00000000e7c00000, 0x00000000e7d00000|  0%| F|  |TAMS 0x00000000e7c00000| PB 0x00000000e7c00000| Untracked 
| 637|0x00000000e7d00000, 0x00000000e7d00000, 0x00000000e7e00000|  0%| F|  |TAMS 0x00000000e7d00000| PB 0x00000000e7d00000| Untracked 
| 638|0x00000000e7e00000, 0x00000000e7e00000, 0x00000000e7f00000|  0%| F|  |TAMS 0x00000000e7e00000| PB 0x00000000e7e00000| Untracked 
| 639|0x00000000e7f00000, 0x00000000e7f00000, 0x00000000e8000000|  0%| F|  |TAMS 0x00000000e7f00000| PB 0x00000000e7f00000| Untracked 
| 640|0x00000000e8000000, 0x00000000e8000000, 0x00000000e8100000|  0%| F|  |TAMS 0x00000000e8000000| PB 0x00000000e8000000| Untracked 
| 641|0x00000000e8100000, 0x00000000e8100000, 0x00000000e8200000|  0%| F|  |TAMS 0x00000000e8100000| PB 0x00000000e8100000| Untracked 
| 642|0x00000000e8200000, 0x00000000e8200000, 0x00000000e8300000|  0%| F|  |TAMS 0x00000000e8200000| PB 0x00000000e8200000| Untracked 
| 643|0x00000000e8300000, 0x00000000e8300000, 0x00000000e8400000|  0%| F|  |TAMS 0x00000000e8300000| PB 0x00000000e8300000| Untracked 
| 644|0x00000000e8400000, 0x00000000e8400000, 0x00000000e8500000|  0%| F|  |TAMS 0x00000000e8400000| PB 0x00000000e8400000| Untracked 
| 645|0x00000000e8500000, 0x00000000e8500000, 0x00000000e8600000|  0%| F|  |TAMS 0x00000000e8500000| PB 0x00000000e8500000| Untracked 
| 646|0x00000000e8600000, 0x00000000e8600000, 0x00000000e8700000|  0%| F|  |TAMS 0x00000000e8600000| PB 0x00000000e8600000| Untracked 
| 647|0x00000000e8700000, 0x00000000e8700000, 0x00000000e8800000|  0%| F|  |TAMS 0x00000000e8700000| PB 0x00000000e8700000| Untracked 
| 648|0x00000000e8800000, 0x00000000e8800000, 0x00000000e8900000|  0%| F|  |TAMS 0x00000000e8800000| PB 0x00000000e8800000| Untracked 
| 649|0x00000000e8900000, 0x00000000e8900000, 0x00000000e8a00000|  0%| F|  |TAMS 0x00000000e8900000| PB 0x00000000e8900000| Untracked 
| 650|0x00000000e8a00000, 0x00000000e8a00000, 0x00000000e8b00000|  0%| F|  |TAMS 0x00000000e8a00000| PB 0x00000000e8a00000| Untracked 
| 651|0x00000000e8b00000, 0x00000000e8b00000, 0x00000000e8c00000|  0%| F|  |TAMS 0x00000000e8b00000| PB 0x00000000e8b00000| Untracked 
| 652|0x00000000e8c00000, 0x00000000e8c00000, 0x00000000e8d00000|  0%| F|  |TAMS 0x00000000e8c00000| PB 0x00000000e8c00000| Untracked 
| 653|0x00000000e8d00000, 0x00000000e8d00000, 0x00000000e8e00000|  0%| F|  |TAMS 0x00000000e8d00000| PB 0x00000000e8d00000| Untracked 
| 654|0x00000000e8e00000, 0x00000000e8e00000, 0x00000000e8f00000|  0%| F|  |TAMS 0x00000000e8e00000| PB 0x00000000e8e00000| Untracked 
| 655|0x00000000e8f00000, 0x00000000e8f00000, 0x00000000e9000000|  0%| F|  |TAMS 0x00000000e8f00000| PB 0x00000000e8f00000| Untracked 
| 656|0x00000000e9000000, 0x00000000e9000000, 0x00000000e9100000|  0%| F|  |TAMS 0x00000000e9000000| PB 0x00000000e9000000| Untracked 
| 657|0x00000000e9100000, 0x00000000e9100000, 0x00000000e9200000|  0%| F|  |TAMS 0x00000000e9100000| PB 0x00000000e9100000| Untracked 
| 658|0x00000000e9200000, 0x00000000e9200000, 0x00000000e9300000|  0%| F|  |TAMS 0x00000000e9200000| PB 0x00000000e9200000| Untracked 
| 659|0x00000000e9300000, 0x00000000e9300000, 0x00000000e9400000|  0%| F|  |TAMS 0x00000000e9300000| PB 0x00000000e9300000| Untracked 
| 660|0x00000000e9400000, 0x00000000e9400000, 0x00000000e9500000|  0%| F|  |TAMS 0x00000000e9400000| PB 0x00000000e9400000| Untracked 
| 661|0x00000000e9500000, 0x00000000e9500000, 0x00000000e9600000|  0%| F|  |TAMS 0x00000000e9500000| PB 0x00000000e9500000| Untracked 
| 662|0x00000000e9600000, 0x00000000e9600000, 0x00000000e9700000|  0%| F|  |TAMS 0x00000000e9600000| PB 0x00000000e9600000| Untracked 
| 663|0x00000000e9700000, 0x00000000e9700000, 0x00000000e9800000|  0%| F|  |TAMS 0x00000000e9700000| PB 0x00000000e9700000| Untracked 
| 664|0x00000000e9800000, 0x00000000e9800000, 0x00000000e9900000|  0%| F|  |TAMS 0x00000000e9800000| PB 0x00000000e9800000| Untracked 
| 665|0x00000000e9900000, 0x00000000e9900000, 0x00000000e9a00000|  0%| F|  |TAMS 0x00000000e9900000| PB 0x00000000e9900000| Untracked 
| 666|0x00000000e9a00000, 0x00000000e9a00000, 0x00000000e9b00000|  0%| F|  |TAMS 0x00000000e9a00000| PB 0x00000000e9a00000| Untracked 
| 667|0x00000000e9b00000, 0x00000000e9b00000, 0x00000000e9c00000|  0%| F|  |TAMS 0x00000000e9b00000| PB 0x00000000e9b00000| Untracked 
| 668|0x00000000e9c00000, 0x00000000e9c00000, 0x00000000e9d00000|  0%| F|  |TAMS 0x00000000e9c00000| PB 0x00000000e9c00000| Untracked 
| 669|0x00000000e9d00000, 0x00000000e9d00000, 0x00000000e9e00000|  0%| F|  |TAMS 0x00000000e9d00000| PB 0x00000000e9d00000| Untracked 
| 670|0x00000000e9e00000, 0x00000000e9e00000, 0x00000000e9f00000|  0%| F|  |TAMS 0x00000000e9e00000| PB 0x00000000e9e00000| Untracked 
| 671|0x00000000e9f00000, 0x00000000e9f00000, 0x00000000ea000000|  0%| F|  |TAMS 0x00000000e9f00000| PB 0x00000000e9f00000| Untracked 
| 672|0x00000000ea000000, 0x00000000ea000000, 0x00000000ea100000|  0%| F|  |TAMS 0x00000000ea000000| PB 0x00000000ea000000| Untracked 
| 673|0x00000000ea100000, 0x00000000ea100000, 0x00000000ea200000|  0%| F|  |TAMS 0x00000000ea100000| PB 0x00000000ea100000| Untracked 
| 674|0x00000000ea200000, 0x00000000ea200000, 0x00000000ea300000|  0%| F|  |TAMS 0x00000000ea200000| PB 0x00000000ea200000| Untracked 
| 675|0x00000000ea300000, 0x00000000ea300000, 0x00000000ea400000|  0%| F|  |TAMS 0x00000000ea300000| PB 0x00000000ea300000| Untracked 
| 676|0x00000000ea400000, 0x00000000ea400000, 0x00000000ea500000|  0%| F|  |TAMS 0x00000000ea400000| PB 0x00000000ea400000| Untracked 
| 677|0x00000000ea500000, 0x00000000ea500000, 0x00000000ea600000|  0%| F|  |TAMS 0x00000000ea500000| PB 0x00000000ea500000| Untracked 
| 678|0x00000000ea600000, 0x00000000ea600000, 0x00000000ea700000|  0%| F|  |TAMS 0x00000000ea600000| PB 0x00000000ea600000| Untracked 
| 679|0x00000000ea700000, 0x00000000ea700000, 0x00000000ea800000|  0%| F|  |TAMS 0x00000000ea700000| PB 0x00000000ea700000| Untracked 
| 680|0x00000000ea800000, 0x00000000ea800000, 0x00000000ea900000|  0%| F|  |TAMS 0x00000000ea800000| PB 0x00000000ea800000| Untracked 
| 681|0x00000000ea900000, 0x00000000ea900000, 0x00000000eaa00000|  0%| F|  |TAMS 0x00000000ea900000| PB 0x00000000ea900000| Untracked 
| 682|0x00000000eaa00000, 0x00000000eaa00000, 0x00000000eab00000|  0%| F|  |TAMS 0x00000000eaa00000| PB 0x00000000eaa00000| Untracked 
| 683|0x00000000eab00000, 0x00000000eab00000, 0x00000000eac00000|  0%| F|  |TAMS 0x00000000eab00000| PB 0x00000000eab00000| Untracked 
| 684|0x00000000eac00000, 0x00000000eac00000, 0x00000000ead00000|  0%| F|  |TAMS 0x00000000eac00000| PB 0x00000000eac00000| Untracked 
| 685|0x00000000ead00000, 0x00000000ead00000, 0x00000000eae00000|  0%| F|  |TAMS 0x00000000ead00000| PB 0x00000000ead00000| Untracked 
| 686|0x00000000eae00000, 0x00000000eae00000, 0x00000000eaf00000|  0%| F|  |TAMS 0x00000000eae00000| PB 0x00000000eae00000| Untracked 
| 687|0x00000000eaf00000, 0x00000000eaf00000, 0x00000000eb000000|  0%| F|  |TAMS 0x00000000eaf00000| PB 0x00000000eaf00000| Untracked 
| 688|0x00000000eb000000, 0x00000000eb000000, 0x00000000eb100000|  0%| F|  |TAMS 0x00000000eb000000| PB 0x00000000eb000000| Untracked 
| 689|0x00000000eb100000, 0x00000000eb100000, 0x00000000eb200000|  0%| F|  |TAMS 0x00000000eb100000| PB 0x00000000eb100000| Untracked 
| 690|0x00000000eb200000, 0x00000000eb200000, 0x00000000eb300000|  0%| F|  |TAMS 0x00000000eb200000| PB 0x00000000eb200000| Untracked 
| 691|0x00000000eb300000, 0x00000000eb300000, 0x00000000eb400000|  0%| F|  |TAMS 0x00000000eb300000| PB 0x00000000eb300000| Untracked 
| 692|0x00000000eb400000, 0x00000000eb400000, 0x00000000eb500000|  0%| F|  |TAMS 0x00000000eb400000| PB 0x00000000eb400000| Untracked 
| 693|0x00000000eb500000, 0x00000000eb500000, 0x00000000eb600000|  0%| F|  |TAMS 0x00000000eb500000| PB 0x00000000eb500000| Untracked 
| 694|0x00000000eb600000, 0x00000000eb600000, 0x00000000eb700000|  0%| F|  |TAMS 0x00000000eb600000| PB 0x00000000eb600000| Untracked 
| 695|0x00000000eb700000, 0x00000000eb700000, 0x00000000eb800000|  0%| F|  |TAMS 0x00000000eb700000| PB 0x00000000eb700000| Untracked 
| 696|0x00000000eb800000, 0x00000000eb800000, 0x00000000eb900000|  0%| F|  |TAMS 0x00000000eb800000| PB 0x00000000eb800000| Untracked 
| 697|0x00000000eb900000, 0x00000000eb900000, 0x00000000eba00000|  0%| F|  |TAMS 0x00000000eb900000| PB 0x00000000eb900000| Untracked 
| 698|0x00000000eba00000, 0x00000000eba00000, 0x00000000ebb00000|  0%| F|  |TAMS 0x00000000eba00000| PB 0x00000000eba00000| Untracked 
| 699|0x00000000ebb00000, 0x00000000ebb00000, 0x00000000ebc00000|  0%| F|  |TAMS 0x00000000ebb00000| PB 0x00000000ebb00000| Untracked 
| 700|0x00000000ebc00000, 0x00000000ebc00000, 0x00000000ebd00000|  0%| F|  |TAMS 0x00000000ebc00000| PB 0x00000000ebc00000| Untracked 
| 701|0x00000000ebd00000, 0x00000000ebd00000, 0x00000000ebe00000|  0%| F|  |TAMS 0x00000000ebd00000| PB 0x00000000ebd00000| Untracked 
| 702|0x00000000ebe00000, 0x00000000ebe00000, 0x00000000ebf00000|  0%| F|  |TAMS 0x00000000ebe00000| PB 0x00000000ebe00000| Untracked 
| 703|0x00000000ebf00000, 0x00000000ebf00000, 0x00000000ec000000|  0%| F|  |TAMS 0x00000000ebf00000| PB 0x00000000ebf00000| Untracked 
| 704|0x00000000ec000000, 0x00000000ec000000, 0x00000000ec100000|  0%| F|  |TAMS 0x00000000ec000000| PB 0x00000000ec000000| Untracked 
| 705|0x00000000ec100000, 0x00000000ec100000, 0x00000000ec200000|  0%| F|  |TAMS 0x00000000ec100000| PB 0x00000000ec100000| Untracked 
| 706|0x00000000ec200000, 0x00000000ec200000, 0x00000000ec300000|  0%| F|  |TAMS 0x00000000ec200000| PB 0x00000000ec200000| Untracked 
| 707|0x00000000ec300000, 0x00000000ec300000, 0x00000000ec400000|  0%| F|  |TAMS 0x00000000ec300000| PB 0x00000000ec300000| Untracked 
| 708|0x00000000ec400000, 0x00000000ec400000, 0x00000000ec500000|  0%| F|  |TAMS 0x00000000ec400000| PB 0x00000000ec400000| Untracked 
| 709|0x00000000ec500000, 0x00000000ec500000, 0x00000000ec600000|  0%| F|  |TAMS 0x00000000ec500000| PB 0x00000000ec500000| Untracked 
| 710|0x00000000ec600000, 0x00000000ec600000, 0x00000000ec700000|  0%| F|  |TAMS 0x00000000ec600000| PB 0x00000000ec600000| Untracked 
| 711|0x00000000ec700000, 0x00000000ec700000, 0x00000000ec800000|  0%| F|  |TAMS 0x00000000ec700000| PB 0x00000000ec700000| Untracked 
| 712|0x00000000ec800000, 0x00000000ec800000, 0x00000000ec900000|  0%| F|  |TAMS 0x00000000ec800000| PB 0x00000000ec800000| Untracked 
| 713|0x00000000ec900000, 0x00000000ec900000, 0x00000000eca00000|  0%| F|  |TAMS 0x00000000ec900000| PB 0x00000000ec900000| Untracked 
| 714|0x00000000eca00000, 0x00000000eca00000, 0x00000000ecb00000|  0%| F|  |TAMS 0x00000000eca00000| PB 0x00000000eca00000| Untracked 
| 715|0x00000000ecb00000, 0x00000000ecb00000, 0x00000000ecc00000|  0%| F|  |TAMS 0x00000000ecb00000| PB 0x00000000ecb00000| Untracked 
| 716|0x00000000ecc00000, 0x00000000ecc00000, 0x00000000ecd00000|  0%| F|  |TAMS 0x00000000ecc00000| PB 0x00000000ecc00000| Untracked 
| 717|0x00000000ecd00000, 0x00000000ecd00000, 0x00000000ece00000|  0%| F|  |TAMS 0x00000000ecd00000| PB 0x00000000ecd00000| Untracked 
| 718|0x00000000ece00000, 0x00000000ece00000, 0x00000000ecf00000|  0%| F|  |TAMS 0x00000000ece00000| PB 0x00000000ece00000| Untracked 
| 719|0x00000000ecf00000, 0x00000000ecf00000, 0x00000000ed000000|  0%| F|  |TAMS 0x00000000ecf00000| PB 0x00000000ecf00000| Untracked 
| 720|0x00000000ed000000, 0x00000000ed000000, 0x00000000ed100000|  0%| F|  |TAMS 0x00000000ed000000| PB 0x00000000ed000000| Untracked 
| 721|0x00000000ed100000, 0x00000000ed100000, 0x00000000ed200000|  0%| F|  |TAMS 0x00000000ed100000| PB 0x00000000ed100000| Untracked 
| 722|0x00000000ed200000, 0x00000000ed200000, 0x00000000ed300000|  0%| F|  |TAMS 0x00000000ed200000| PB 0x00000000ed200000| Untracked 
| 723|0x00000000ed300000, 0x00000000ed300000, 0x00000000ed400000|  0%| F|  |TAMS 0x00000000ed300000| PB 0x00000000ed300000| Untracked 
| 724|0x00000000ed400000, 0x00000000ed400000, 0x00000000ed500000|  0%| F|  |TAMS 0x00000000ed400000| PB 0x00000000ed400000| Untracked 
| 725|0x00000000ed500000, 0x00000000ed500000, 0x00000000ed600000|  0%| F|  |TAMS 0x00000000ed500000| PB 0x00000000ed500000| Untracked 
| 726|0x00000000ed600000, 0x00000000ed600000, 0x00000000ed700000|  0%| F|  |TAMS 0x00000000ed600000| PB 0x00000000ed600000| Untracked 
| 727|0x00000000ed700000, 0x00000000ed700000, 0x00000000ed800000|  0%| F|  |TAMS 0x00000000ed700000| PB 0x00000000ed700000| Untracked 
| 728|0x00000000ed800000, 0x00000000ed800000, 0x00000000ed900000|  0%| F|  |TAMS 0x00000000ed800000| PB 0x00000000ed800000| Untracked 
| 729|0x00000000ed900000, 0x00000000ed900000, 0x00000000eda00000|  0%| F|  |TAMS 0x00000000ed900000| PB 0x00000000ed900000| Untracked 
| 730|0x00000000eda00000, 0x00000000eda00000, 0x00000000edb00000|  0%| F|  |TAMS 0x00000000eda00000| PB 0x00000000eda00000| Untracked 
| 731|0x00000000edb00000, 0x00000000edb00000, 0x00000000edc00000|  0%| F|  |TAMS 0x00000000edb00000| PB 0x00000000edb00000| Untracked 
| 732|0x00000000edc00000, 0x00000000edc00000, 0x00000000edd00000|  0%| F|  |TAMS 0x00000000edc00000| PB 0x00000000edc00000| Untracked 
| 733|0x00000000edd00000, 0x00000000edd00000, 0x00000000ede00000|  0%| F|  |TAMS 0x00000000edd00000| PB 0x00000000edd00000| Untracked 
| 734|0x00000000ede00000, 0x00000000ede00000, 0x00000000edf00000|  0%| F|  |TAMS 0x00000000ede00000| PB 0x00000000ede00000| Untracked 
| 735|0x00000000edf00000, 0x00000000edf00000, 0x00000000ee000000|  0%| F|  |TAMS 0x00000000edf00000| PB 0x00000000edf00000| Untracked 
| 736|0x00000000ee000000, 0x00000000ee000000, 0x00000000ee100000|  0%| F|  |TAMS 0x00000000ee000000| PB 0x00000000ee000000| Untracked 
| 737|0x00000000ee100000, 0x00000000ee100000, 0x00000000ee200000|  0%| F|  |TAMS 0x00000000ee100000| PB 0x00000000ee100000| Untracked 
| 738|0x00000000ee200000, 0x00000000ee200000, 0x00000000ee300000|  0%| F|  |TAMS 0x00000000ee200000| PB 0x00000000ee200000| Untracked 
| 739|0x00000000ee300000, 0x00000000ee300000, 0x00000000ee400000|  0%| F|  |TAMS 0x00000000ee300000| PB 0x00000000ee300000| Untracked 
| 740|0x00000000ee400000, 0x00000000ee400000, 0x00000000ee500000|  0%| F|  |TAMS 0x00000000ee400000| PB 0x00000000ee400000| Untracked 
| 741|0x00000000ee500000, 0x00000000ee500000, 0x00000000ee600000|  0%| F|  |TAMS 0x00000000ee500000| PB 0x00000000ee500000| Untracked 
| 742|0x00000000ee600000, 0x00000000ee600000, 0x00000000ee700000|  0%| F|  |TAMS 0x00000000ee600000| PB 0x00000000ee600000| Untracked 
| 743|0x00000000ee700000, 0x00000000ee700000, 0x00000000ee800000|  0%| F|  |TAMS 0x00000000ee700000| PB 0x00000000ee700000| Untracked 
| 744|0x00000000ee800000, 0x00000000ee800000, 0x00000000ee900000|  0%| F|  |TAMS 0x00000000ee800000| PB 0x00000000ee800000| Untracked 
| 745|0x00000000ee900000, 0x00000000ee900000, 0x00000000eea00000|  0%| F|  |TAMS 0x00000000ee900000| PB 0x00000000ee900000| Untracked 
| 746|0x00000000eea00000, 0x00000000eea00000, 0x00000000eeb00000|  0%| F|  |TAMS 0x00000000eea00000| PB 0x00000000eea00000| Untracked 
| 747|0x00000000eeb00000, 0x00000000eeb00000, 0x00000000eec00000|  0%| F|  |TAMS 0x00000000eeb00000| PB 0x00000000eeb00000| Untracked 
| 748|0x00000000eec00000, 0x00000000eec00000, 0x00000000eed00000|  0%| F|  |TAMS 0x00000000eec00000| PB 0x00000000eec00000| Untracked 
| 749|0x00000000eed00000, 0x00000000eed00000, 0x00000000eee00000|  0%| F|  |TAMS 0x00000000eed00000| PB 0x00000000eed00000| Untracked 
| 750|0x00000000eee00000, 0x00000000eee00000, 0x00000000eef00000|  0%| F|  |TAMS 0x00000000eee00000| PB 0x00000000eee00000| Untracked 
| 751|0x00000000eef00000, 0x00000000eef00000, 0x00000000ef000000|  0%| F|  |TAMS 0x00000000eef00000| PB 0x00000000eef00000| Untracked 
| 752|0x00000000ef000000, 0x00000000ef000000, 0x00000000ef100000|  0%| F|  |TAMS 0x00000000ef000000| PB 0x00000000ef000000| Untracked 
| 753|0x00000000ef100000, 0x00000000ef100000, 0x00000000ef200000|  0%| F|  |TAMS 0x00000000ef100000| PB 0x00000000ef100000| Untracked 
| 754|0x00000000ef200000, 0x00000000ef200000, 0x00000000ef300000|  0%| F|  |TAMS 0x00000000ef200000| PB 0x00000000ef200000| Untracked 
| 755|0x00000000ef300000, 0x00000000ef300000, 0x00000000ef400000|  0%| F|  |TAMS 0x00000000ef300000| PB 0x00000000ef300000| Untracked 
| 756|0x00000000ef400000, 0x00000000ef400000, 0x00000000ef500000|  0%| F|  |TAMS 0x00000000ef400000| PB 0x00000000ef400000| Untracked 
| 757|0x00000000ef500000, 0x00000000ef500000, 0x00000000ef600000|  0%| F|  |TAMS 0x00000000ef500000| PB 0x00000000ef500000| Untracked 
| 758|0x00000000ef600000, 0x00000000ef600000, 0x00000000ef700000|  0%| F|  |TAMS 0x00000000ef600000| PB 0x00000000ef600000| Untracked 
| 759|0x00000000ef700000, 0x00000000ef700000, 0x00000000ef800000|  0%| F|  |TAMS 0x00000000ef700000| PB 0x00000000ef700000| Untracked 
| 760|0x00000000ef800000, 0x00000000ef800000, 0x00000000ef900000|  0%| F|  |TAMS 0x00000000ef800000| PB 0x00000000ef800000| Untracked 
| 761|0x00000000ef900000, 0x00000000ef900000, 0x00000000efa00000|  0%| F|  |TAMS 0x00000000ef900000| PB 0x00000000ef900000| Untracked 
| 762|0x00000000efa00000, 0x00000000efa00000, 0x00000000efb00000|  0%| F|  |TAMS 0x00000000efa00000| PB 0x00000000efa00000| Untracked 
| 763|0x00000000efb00000, 0x00000000efb00000, 0x00000000efc00000|  0%| F|  |TAMS 0x00000000efb00000| PB 0x00000000efb00000| Untracked 
| 764|0x00000000efc00000, 0x00000000efc00000, 0x00000000efd00000|  0%| F|  |TAMS 0x00000000efc00000| PB 0x00000000efc00000| Untracked 
| 765|0x00000000efd00000, 0x00000000efd00000, 0x00000000efe00000|  0%| F|  |TAMS 0x00000000efd00000| PB 0x00000000efd00000| Untracked 
| 766|0x00000000efe00000, 0x00000000efe00000, 0x00000000eff00000|  0%| F|  |TAMS 0x00000000efe00000| PB 0x00000000efe00000| Untracked 
| 767|0x00000000eff00000, 0x00000000eff00000, 0x00000000f0000000|  0%| F|  |TAMS 0x00000000eff00000| PB 0x00000000eff00000| Untracked 
| 768|0x00000000f0000000, 0x00000000f0000000, 0x00000000f0100000|  0%| F|  |TAMS 0x00000000f0000000| PB 0x00000000f0000000| Untracked 
| 769|0x00000000f0100000, 0x00000000f0100000, 0x00000000f0200000|  0%| F|  |TAMS 0x00000000f0100000| PB 0x00000000f0100000| Untracked 
| 770|0x00000000f0200000, 0x00000000f0200000, 0x00000000f0300000|  0%| F|  |TAMS 0x00000000f0200000| PB 0x00000000f0200000| Untracked 
| 771|0x00000000f0300000, 0x00000000f0300000, 0x00000000f0400000|  0%| F|  |TAMS 0x00000000f0300000| PB 0x00000000f0300000| Untracked 
| 772|0x00000000f0400000, 0x00000000f0400000, 0x00000000f0500000|  0%| F|  |TAMS 0x00000000f0400000| PB 0x00000000f0400000| Untracked 
| 773|0x00000000f0500000, 0x00000000f0500000, 0x00000000f0600000|  0%| F|  |TAMS 0x00000000f0500000| PB 0x00000000f0500000| Untracked 
| 774|0x00000000f0600000, 0x00000000f0600000, 0x00000000f0700000|  0%| F|  |TAMS 0x00000000f0600000| PB 0x00000000f0600000| Untracked 
| 775|0x00000000f0700000, 0x00000000f0700000, 0x00000000f0800000|  0%| F|  |TAMS 0x00000000f0700000| PB 0x00000000f0700000| Untracked 
| 776|0x00000000f0800000, 0x00000000f0800000, 0x00000000f0900000|  0%| F|  |TAMS 0x00000000f0800000| PB 0x00000000f0800000| Untracked 
| 777|0x00000000f0900000, 0x00000000f0900000, 0x00000000f0a00000|  0%| F|  |TAMS 0x00000000f0900000| PB 0x00000000f0900000| Untracked 
| 778|0x00000000f0a00000, 0x00000000f0a00000, 0x00000000f0b00000|  0%| F|  |TAMS 0x00000000f0a00000| PB 0x00000000f0a00000| Untracked 
| 779|0x00000000f0b00000, 0x00000000f0b00000, 0x00000000f0c00000|  0%| F|  |TAMS 0x00000000f0b00000| PB 0x00000000f0b00000| Untracked 
| 780|0x00000000f0c00000, 0x00000000f0c00000, 0x00000000f0d00000|  0%| F|  |TAMS 0x00000000f0c00000| PB 0x00000000f0c00000| Untracked 
| 781|0x00000000f0d00000, 0x00000000f0d00000, 0x00000000f0e00000|  0%| F|  |TAMS 0x00000000f0d00000| PB 0x00000000f0d00000| Untracked 
| 782|0x00000000f0e00000, 0x00000000f0e00000, 0x00000000f0f00000|  0%| F|  |TAMS 0x00000000f0e00000| PB 0x00000000f0e00000| Untracked 
| 783|0x00000000f0f00000, 0x00000000f0f00000, 0x00000000f1000000|  0%| F|  |TAMS 0x00000000f0f00000| PB 0x00000000f0f00000| Untracked 
| 784|0x00000000f1000000, 0x00000000f1000000, 0x00000000f1100000|  0%| F|  |TAMS 0x00000000f1000000| PB 0x00000000f1000000| Untracked 
| 785|0x00000000f1100000, 0x00000000f1100000, 0x00000000f1200000|  0%| F|  |TAMS 0x00000000f1100000| PB 0x00000000f1100000| Untracked 
| 786|0x00000000f1200000, 0x00000000f1200000, 0x00000000f1300000|  0%| F|  |TAMS 0x00000000f1200000| PB 0x00000000f1200000| Untracked 
| 787|0x00000000f1300000, 0x00000000f1300000, 0x00000000f1400000|  0%| F|  |TAMS 0x00000000f1300000| PB 0x00000000f1300000| Untracked 
| 788|0x00000000f1400000, 0x00000000f1400000, 0x00000000f1500000|  0%| F|  |TAMS 0x00000000f1400000| PB 0x00000000f1400000| Untracked 
| 789|0x00000000f1500000, 0x00000000f1500000, 0x00000000f1600000|  0%| F|  |TAMS 0x00000000f1500000| PB 0x00000000f1500000| Untracked 
| 790|0x00000000f1600000, 0x00000000f1600000, 0x00000000f1700000|  0%| F|  |TAMS 0x00000000f1600000| PB 0x00000000f1600000| Untracked 
| 791|0x00000000f1700000, 0x00000000f1700000, 0x00000000f1800000|  0%| F|  |TAMS 0x00000000f1700000| PB 0x00000000f1700000| Untracked 
| 792|0x00000000f1800000, 0x00000000f1800000, 0x00000000f1900000|  0%| F|  |TAMS 0x00000000f1800000| PB 0x00000000f1800000| Untracked 
| 793|0x00000000f1900000, 0x00000000f1900000, 0x00000000f1a00000|  0%| F|  |TAMS 0x00000000f1900000| PB 0x00000000f1900000| Untracked 
| 794|0x00000000f1a00000, 0x00000000f1a00000, 0x00000000f1b00000|  0%| F|  |TAMS 0x00000000f1a00000| PB 0x00000000f1a00000| Untracked 
| 795|0x00000000f1b00000, 0x00000000f1b00000, 0x00000000f1c00000|  0%| F|  |TAMS 0x00000000f1b00000| PB 0x00000000f1b00000| Untracked 
| 796|0x00000000f1c00000, 0x00000000f1c00000, 0x00000000f1d00000|  0%| F|  |TAMS 0x00000000f1c00000| PB 0x00000000f1c00000| Untracked 
| 797|0x00000000f1d00000, 0x00000000f1d00000, 0x00000000f1e00000|  0%| F|  |TAMS 0x00000000f1d00000| PB 0x00000000f1d00000| Untracked 
| 798|0x00000000f1e00000, 0x00000000f1e00000, 0x00000000f1f00000|  0%| F|  |TAMS 0x00000000f1e00000| PB 0x00000000f1e00000| Untracked 
| 799|0x00000000f1f00000, 0x00000000f1f00000, 0x00000000f2000000|  0%| F|  |TAMS 0x00000000f1f00000| PB 0x00000000f1f00000| Untracked 
| 800|0x00000000f2000000, 0x00000000f2000000, 0x00000000f2100000|  0%| F|  |TAMS 0x00000000f2000000| PB 0x00000000f2000000| Untracked 
| 801|0x00000000f2100000, 0x00000000f2100000, 0x00000000f2200000|  0%| F|  |TAMS 0x00000000f2100000| PB 0x00000000f2100000| Untracked 
| 802|0x00000000f2200000, 0x00000000f2200000, 0x00000000f2300000|  0%| F|  |TAMS 0x00000000f2200000| PB 0x00000000f2200000| Untracked 
| 803|0x00000000f2300000, 0x00000000f2300000, 0x00000000f2400000|  0%| F|  |TAMS 0x00000000f2300000| PB 0x00000000f2300000| Untracked 
| 804|0x00000000f2400000, 0x00000000f2400000, 0x00000000f2500000|  0%| F|  |TAMS 0x00000000f2400000| PB 0x00000000f2400000| Untracked 
| 805|0x00000000f2500000, 0x00000000f2500000, 0x00000000f2600000|  0%| F|  |TAMS 0x00000000f2500000| PB 0x00000000f2500000| Untracked 
| 806|0x00000000f2600000, 0x00000000f2600000, 0x00000000f2700000|  0%| F|  |TAMS 0x00000000f2600000| PB 0x00000000f2600000| Untracked 
| 807|0x00000000f2700000, 0x00000000f2700000, 0x00000000f2800000|  0%| F|  |TAMS 0x00000000f2700000| PB 0x00000000f2700000| Untracked 
| 808|0x00000000f2800000, 0x00000000f2800000, 0x00000000f2900000|  0%| F|  |TAMS 0x00000000f2800000| PB 0x00000000f2800000| Untracked 
| 809|0x00000000f2900000, 0x00000000f2900000, 0x00000000f2a00000|  0%| F|  |TAMS 0x00000000f2900000| PB 0x00000000f2900000| Untracked 
| 810|0x00000000f2a00000, 0x00000000f2a00000, 0x00000000f2b00000|  0%| F|  |TAMS 0x00000000f2a00000| PB 0x00000000f2a00000| Untracked 
| 811|0x00000000f2b00000, 0x00000000f2b00000, 0x00000000f2c00000|  0%| F|  |TAMS 0x00000000f2b00000| PB 0x00000000f2b00000| Untracked 
| 812|0x00000000f2c00000, 0x00000000f2c00000, 0x00000000f2d00000|  0%| F|  |TAMS 0x00000000f2c00000| PB 0x00000000f2c00000| Untracked 
| 813|0x00000000f2d00000, 0x00000000f2d00000, 0x00000000f2e00000|  0%| F|  |TAMS 0x00000000f2d00000| PB 0x00000000f2d00000| Untracked 
| 814|0x00000000f2e00000, 0x00000000f2e00000, 0x00000000f2f00000|  0%| F|  |TAMS 0x00000000f2e00000| PB 0x00000000f2e00000| Untracked 
| 815|0x00000000f2f00000, 0x00000000f2f00000, 0x00000000f3000000|  0%| F|  |TAMS 0x00000000f2f00000| PB 0x00000000f2f00000| Untracked 
| 816|0x00000000f3000000, 0x00000000f3000000, 0x00000000f3100000|  0%| F|  |TAMS 0x00000000f3000000| PB 0x00000000f3000000| Untracked 
| 817|0x00000000f3100000, 0x00000000f3100000, 0x00000000f3200000|  0%| F|  |TAMS 0x00000000f3100000| PB 0x00000000f3100000| Untracked 
| 818|0x00000000f3200000, 0x00000000f3200000, 0x00000000f3300000|  0%| F|  |TAMS 0x00000000f3200000| PB 0x00000000f3200000| Untracked 
| 819|0x00000000f3300000, 0x00000000f3300000, 0x00000000f3400000|  0%| F|  |TAMS 0x00000000f3300000| PB 0x00000000f3300000| Untracked 
| 820|0x00000000f3400000, 0x00000000f3400000, 0x00000000f3500000|  0%| F|  |TAMS 0x00000000f3400000| PB 0x00000000f3400000| Untracked 
| 821|0x00000000f3500000, 0x00000000f3500000, 0x00000000f3600000|  0%| F|  |TAMS 0x00000000f3500000| PB 0x00000000f3500000| Untracked 
| 822|0x00000000f3600000, 0x00000000f3600000, 0x00000000f3700000|  0%| F|  |TAMS 0x00000000f3600000| PB 0x00000000f3600000| Untracked 
| 823|0x00000000f3700000, 0x00000000f3700000, 0x00000000f3800000|  0%| F|  |TAMS 0x00000000f3700000| PB 0x00000000f3700000| Untracked 
| 824|0x00000000f3800000, 0x00000000f3800000, 0x00000000f3900000|  0%| F|  |TAMS 0x00000000f3800000| PB 0x00000000f3800000| Untracked 
| 825|0x00000000f3900000, 0x00000000f3900000, 0x00000000f3a00000|  0%| F|  |TAMS 0x00000000f3900000| PB 0x00000000f3900000| Untracked 
| 826|0x00000000f3a00000, 0x00000000f3a00000, 0x00000000f3b00000|  0%| F|  |TAMS 0x00000000f3a00000| PB 0x00000000f3a00000| Untracked 
| 827|0x00000000f3b00000, 0x00000000f3b00000, 0x00000000f3c00000|  0%| F|  |TAMS 0x00000000f3b00000| PB 0x00000000f3b00000| Untracked 
| 828|0x00000000f3c00000, 0x00000000f3c00000, 0x00000000f3d00000|  0%| F|  |TAMS 0x00000000f3c00000| PB 0x00000000f3c00000| Untracked 
| 829|0x00000000f3d00000, 0x00000000f3d00000, 0x00000000f3e00000|  0%| F|  |TAMS 0x00000000f3d00000| PB 0x00000000f3d00000| Untracked 
| 830|0x00000000f3e00000, 0x00000000f3e00000, 0x00000000f3f00000|  0%| F|  |TAMS 0x00000000f3e00000| PB 0x00000000f3e00000| Untracked 
| 831|0x00000000f3f00000, 0x00000000f3f00000, 0x00000000f4000000|  0%| F|  |TAMS 0x00000000f3f00000| PB 0x00000000f3f00000| Untracked 
| 832|0x00000000f4000000, 0x00000000f4000000, 0x00000000f4100000|  0%| F|  |TAMS 0x00000000f4000000| PB 0x00000000f4000000| Untracked 
| 833|0x00000000f4100000, 0x00000000f4100000, 0x00000000f4200000|  0%| F|  |TAMS 0x00000000f4100000| PB 0x00000000f4100000| Untracked 
| 834|0x00000000f4200000, 0x00000000f4200000, 0x00000000f4300000|  0%| F|  |TAMS 0x00000000f4200000| PB 0x00000000f4200000| Untracked 
| 835|0x00000000f4300000, 0x00000000f4300000, 0x00000000f4400000|  0%| F|  |TAMS 0x00000000f4300000| PB 0x00000000f4300000| Untracked 
| 836|0x00000000f4400000, 0x00000000f4400000, 0x00000000f4500000|  0%| F|  |TAMS 0x00000000f4400000| PB 0x00000000f4400000| Untracked 
| 837|0x00000000f4500000, 0x00000000f4500000, 0x00000000f4600000|  0%| F|  |TAMS 0x00000000f4500000| PB 0x00000000f4500000| Untracked 
| 838|0x00000000f4600000, 0x00000000f4600000, 0x00000000f4700000|  0%| F|  |TAMS 0x00000000f4600000| PB 0x00000000f4600000| Untracked 
| 839|0x00000000f4700000, 0x00000000f4700000, 0x00000000f4800000|  0%| F|  |TAMS 0x00000000f4700000| PB 0x00000000f4700000| Untracked 
| 840|0x00000000f4800000, 0x00000000f4800000, 0x00000000f4900000|  0%| F|  |TAMS 0x00000000f4800000| PB 0x00000000f4800000| Untracked 
| 841|0x00000000f4900000, 0x00000000f4900000, 0x00000000f4a00000|  0%| F|  |TAMS 0x00000000f4900000| PB 0x00000000f4900000| Untracked 
| 842|0x00000000f4a00000, 0x00000000f4a00000, 0x00000000f4b00000|  0%| F|  |TAMS 0x00000000f4a00000| PB 0x00000000f4a00000| Untracked 
| 843|0x00000000f4b00000, 0x00000000f4b00000, 0x00000000f4c00000|  0%| F|  |TAMS 0x00000000f4b00000| PB 0x00000000f4b00000| Untracked 
| 844|0x00000000f4c00000, 0x00000000f4c00000, 0x00000000f4d00000|  0%| F|  |TAMS 0x00000000f4c00000| PB 0x00000000f4c00000| Untracked 
| 845|0x00000000f4d00000, 0x00000000f4d00000, 0x00000000f4e00000|  0%| F|  |TAMS 0x00000000f4d00000| PB 0x00000000f4d00000| Untracked 
| 846|0x00000000f4e00000, 0x00000000f4e00000, 0x00000000f4f00000|  0%| F|  |TAMS 0x00000000f4e00000| PB 0x00000000f4e00000| Untracked 
| 847|0x00000000f4f00000, 0x00000000f4f00000, 0x00000000f5000000|  0%| F|  |TAMS 0x00000000f4f00000| PB 0x00000000f4f00000| Untracked 
| 848|0x00000000f5000000, 0x00000000f5000000, 0x00000000f5100000|  0%| F|  |TAMS 0x00000000f5000000| PB 0x00000000f5000000| Untracked 
| 849|0x00000000f5100000, 0x00000000f5100000, 0x00000000f5200000|  0%| F|  |TAMS 0x00000000f5100000| PB 0x00000000f5100000| Untracked 
| 850|0x00000000f5200000, 0x00000000f5200000, 0x00000000f5300000|  0%| F|  |TAMS 0x00000000f5200000| PB 0x00000000f5200000| Untracked 
| 851|0x00000000f5300000, 0x00000000f5300000, 0x00000000f5400000|  0%| F|  |TAMS 0x00000000f5300000| PB 0x00000000f5300000| Untracked 
| 852|0x00000000f5400000, 0x00000000f5400000, 0x00000000f5500000|  0%| F|  |TAMS 0x00000000f5400000| PB 0x00000000f5400000| Untracked 
| 853|0x00000000f5500000, 0x00000000f5500000, 0x00000000f5600000|  0%| F|  |TAMS 0x00000000f5500000| PB 0x00000000f5500000| Untracked 
| 854|0x00000000f5600000, 0x00000000f5600000, 0x00000000f5700000|  0%| F|  |TAMS 0x00000000f5600000| PB 0x00000000f5600000| Untracked 
| 855|0x00000000f5700000, 0x00000000f5700000, 0x00000000f5800000|  0%| F|  |TAMS 0x00000000f5700000| PB 0x00000000f5700000| Untracked 
| 856|0x00000000f5800000, 0x00000000f5800000, 0x00000000f5900000|  0%| F|  |TAMS 0x00000000f5800000| PB 0x00000000f5800000| Untracked 
| 857|0x00000000f5900000, 0x00000000f5900000, 0x00000000f5a00000|  0%| F|  |TAMS 0x00000000f5900000| PB 0x00000000f5900000| Untracked 
| 858|0x00000000f5a00000, 0x00000000f5a00000, 0x00000000f5b00000|  0%| F|  |TAMS 0x00000000f5a00000| PB 0x00000000f5a00000| Untracked 
| 859|0x00000000f5b00000, 0x00000000f5b00000, 0x00000000f5c00000|  0%| F|  |TAMS 0x00000000f5b00000| PB 0x00000000f5b00000| Untracked 
| 860|0x00000000f5c00000, 0x00000000f5c00000, 0x00000000f5d00000|  0%| F|  |TAMS 0x00000000f5c00000| PB 0x00000000f5c00000| Untracked 
| 861|0x00000000f5d00000, 0x00000000f5d00000, 0x00000000f5e00000|  0%| F|  |TAMS 0x00000000f5d00000| PB 0x00000000f5d00000| Untracked 
| 862|0x00000000f5e00000, 0x00000000f5e00000, 0x00000000f5f00000|  0%| F|  |TAMS 0x00000000f5e00000| PB 0x00000000f5e00000| Untracked 
| 863|0x00000000f5f00000, 0x00000000f5f00000, 0x00000000f6000000|  0%| F|  |TAMS 0x00000000f5f00000| PB 0x00000000f5f00000| Untracked 
| 864|0x00000000f6000000, 0x00000000f6000000, 0x00000000f6100000|  0%| F|  |TAMS 0x00000000f6000000| PB 0x00000000f6000000| Untracked 
| 865|0x00000000f6100000, 0x00000000f6100000, 0x00000000f6200000|  0%| F|  |TAMS 0x00000000f6100000| PB 0x00000000f6100000| Untracked 
| 866|0x00000000f6200000, 0x00000000f6200000, 0x00000000f6300000|  0%| F|  |TAMS 0x00000000f6200000| PB 0x00000000f6200000| Untracked 
| 867|0x00000000f6300000, 0x00000000f6300000, 0x00000000f6400000|  0%| F|  |TAMS 0x00000000f6300000| PB 0x00000000f6300000| Untracked 
| 868|0x00000000f6400000, 0x00000000f6400000, 0x00000000f6500000|  0%| F|  |TAMS 0x00000000f6400000| PB 0x00000000f6400000| Untracked 
| 869|0x00000000f6500000, 0x00000000f6500000, 0x00000000f6600000|  0%| F|  |TAMS 0x00000000f6500000| PB 0x00000000f6500000| Untracked 
| 870|0x00000000f6600000, 0x00000000f6600000, 0x00000000f6700000|  0%| F|  |TAMS 0x00000000f6600000| PB 0x00000000f6600000| Untracked 
| 871|0x00000000f6700000, 0x00000000f6700000, 0x00000000f6800000|  0%| F|  |TAMS 0x00000000f6700000| PB 0x00000000f6700000| Untracked 
| 872|0x00000000f6800000, 0x00000000f6800000, 0x00000000f6900000|  0%| F|  |TAMS 0x00000000f6800000| PB 0x00000000f6800000| Untracked 
| 873|0x00000000f6900000, 0x00000000f6900000, 0x00000000f6a00000|  0%| F|  |TAMS 0x00000000f6900000| PB 0x00000000f6900000| Untracked 
| 874|0x00000000f6a00000, 0x00000000f6a00000, 0x00000000f6b00000|  0%| F|  |TAMS 0x00000000f6a00000| PB 0x00000000f6a00000| Untracked 
| 875|0x00000000f6b00000, 0x00000000f6b00000, 0x00000000f6c00000|  0%| F|  |TAMS 0x00000000f6b00000| PB 0x00000000f6b00000| Untracked 
| 876|0x00000000f6c00000, 0x00000000f6c00000, 0x00000000f6d00000|  0%| F|  |TAMS 0x00000000f6c00000| PB 0x00000000f6c00000| Untracked 
| 877|0x00000000f6d00000, 0x00000000f6d00000, 0x00000000f6e00000|  0%| F|  |TAMS 0x00000000f6d00000| PB 0x00000000f6d00000| Untracked 
| 878|0x00000000f6e00000, 0x00000000f6e00000, 0x00000000f6f00000|  0%| F|  |TAMS 0x00000000f6e00000| PB 0x00000000f6e00000| Untracked 
| 879|0x00000000f6f00000, 0x00000000f6f00000, 0x00000000f7000000|  0%| F|  |TAMS 0x00000000f6f00000| PB 0x00000000f6f00000| Untracked 
| 880|0x00000000f7000000, 0x00000000f7000000, 0x00000000f7100000|  0%| F|  |TAMS 0x00000000f7000000| PB 0x00000000f7000000| Untracked 
| 881|0x00000000f7100000, 0x00000000f7100000, 0x00000000f7200000|  0%| F|  |TAMS 0x00000000f7100000| PB 0x00000000f7100000| Untracked 
| 882|0x00000000f7200000, 0x00000000f7200000, 0x00000000f7300000|  0%| F|  |TAMS 0x00000000f7200000| PB 0x00000000f7200000| Untracked 
| 883|0x00000000f7300000, 0x00000000f7300000, 0x00000000f7400000|  0%| F|  |TAMS 0x00000000f7300000| PB 0x00000000f7300000| Untracked 
| 884|0x00000000f7400000, 0x00000000f7400000, 0x00000000f7500000|  0%| F|  |TAMS 0x00000000f7400000| PB 0x00000000f7400000| Untracked 
| 885|0x00000000f7500000, 0x00000000f7500000, 0x00000000f7600000|  0%| F|  |TAMS 0x00000000f7500000| PB 0x00000000f7500000| Untracked 
| 886|0x00000000f7600000, 0x00000000f7700000, 0x00000000f7700000|100%| O|  |TAMS 0x00000000f7700000| PB 0x00000000f7600000| Untracked 
| 887|0x00000000f7700000, 0x00000000f7700000, 0x00000000f7800000|  0%| F|  |TAMS 0x00000000f7700000| PB 0x00000000f7700000| Untracked 
| 888|0x00000000f7800000, 0x00000000f7800000, 0x00000000f7900000|  0%| F|  |TAMS 0x00000000f7800000| PB 0x00000000f7800000| Untracked 
| 889|0x00000000f7900000, 0x00000000f7900000, 0x00000000f7a00000|  0%| F|  |TAMS 0x00000000f7900000| PB 0x00000000f7900000| Untracked 
| 890|0x00000000f7a00000, 0x00000000f7b00000, 0x00000000f7b00000|100%| O|  |TAMS 0x00000000f7b00000| PB 0x00000000f7a00000| Untracked 
| 891|0x00000000f7b00000, 0x00000000f7b00000, 0x00000000f7c00000|  0%| F|  |TAMS 0x00000000f7b00000| PB 0x00000000f7b00000| Untracked 
| 892|0x00000000f7c00000, 0x00000000f7c00000, 0x00000000f7d00000|  0%| F|  |TAMS 0x00000000f7c00000| PB 0x00000000f7c00000| Untracked 
| 893|0x00000000f7d00000, 0x00000000f7d00000, 0x00000000f7e00000|  0%| F|  |TAMS 0x00000000f7d00000| PB 0x00000000f7d00000| Untracked 
| 894|0x00000000f7e00000, 0x00000000f7e00000, 0x00000000f7f00000|  0%| F|  |TAMS 0x00000000f7e00000| PB 0x00000000f7e00000| Untracked 
| 895|0x00000000f7f00000, 0x00000000f7f00000, 0x00000000f8000000|  0%| F|  |TAMS 0x00000000f7f00000| PB 0x00000000f7f00000| Untracked 
| 896|0x00000000f8000000, 0x00000000f8000000, 0x00000000f8100000|  0%| F|  |TAMS 0x00000000f8000000| PB 0x00000000f8000000| Untracked 
| 897|0x00000000f8100000, 0x00000000f8200000, 0x00000000f8200000|100%| O|  |TAMS 0x00000000f8200000| PB 0x00000000f8100000| Untracked 
| 898|0x00000000f8200000, 0x00000000f8300000, 0x00000000f8300000|100%| O|  |TAMS 0x00000000f8300000| PB 0x00000000f8200000| Untracked 
| 899|0x00000000f8300000, 0x00000000f8300000, 0x00000000f8400000|  0%| F|  |TAMS 0x00000000f8300000| PB 0x00000000f8300000| Untracked 
| 900|0x00000000f8400000, 0x00000000f8500000, 0x00000000f8500000|100%| O|  |TAMS 0x00000000f8500000| PB 0x00000000f8400000| Untracked 
| 901|0x00000000f8500000, 0x00000000f8600000, 0x00000000f8600000|100%| O|  |TAMS 0x00000000f8600000| PB 0x00000000f8500000| Untracked 
| 902|0x00000000f8600000, 0x00000000f8600000, 0x00000000f8700000|  0%| F|  |TAMS 0x00000000f8600000| PB 0x00000000f8600000| Untracked 
| 903|0x00000000f8700000, 0x00000000f8800000, 0x00000000f8800000|100%| O|  |TAMS 0x00000000f8800000| PB 0x00000000f8700000| Untracked 
| 904|0x00000000f8800000, 0x00000000f8800000, 0x00000000f8900000|  0%| F|  |TAMS 0x00000000f8800000| PB 0x00000000f8800000| Untracked 
| 905|0x00000000f8900000, 0x00000000f8900000, 0x00000000f8a00000|  0%| F|  |TAMS 0x00000000f8900000| PB 0x00000000f8900000| Untracked 
| 906|0x00000000f8a00000, 0x00000000f8a00000, 0x00000000f8b00000|  0%| F|  |TAMS 0x00000000f8a00000| PB 0x00000000f8a00000| Untracked 
| 907|0x00000000f8b00000, 0x00000000f8b00000, 0x00000000f8c00000|  0%| F|  |TAMS 0x00000000f8b00000| PB 0x00000000f8b00000| Untracked 
| 908|0x00000000f8c00000, 0x00000000f8c00000, 0x00000000f8d00000|  0%| F|  |TAMS 0x00000000f8c00000| PB 0x00000000f8c00000| Untracked 
| 909|0x00000000f8d00000, 0x00000000f8d00000, 0x00000000f8e00000|  0%| F|  |TAMS 0x00000000f8d00000| PB 0x00000000f8d00000| Untracked 
| 910|0x00000000f8e00000, 0x00000000f8e00000, 0x00000000f8f00000|  0%| F|  |TAMS 0x00000000f8e00000| PB 0x00000000f8e00000| Untracked 
| 911|0x00000000f8f00000, 0x00000000f8f00000, 0x00000000f9000000|  0%| F|  |TAMS 0x00000000f8f00000| PB 0x00000000f8f00000| Untracked 
| 912|0x00000000f9000000, 0x00000000f9000000, 0x00000000f9100000|  0%| F|  |TAMS 0x00000000f9000000| PB 0x00000000f9000000| Untracked 
| 913|0x00000000f9100000, 0x00000000f9100000, 0x00000000f9200000|  0%| F|  |TAMS 0x00000000f9100000| PB 0x00000000f9100000| Untracked 
| 914|0x00000000f9200000, 0x00000000f9200000, 0x00000000f9300000|  0%| F|  |TAMS 0x00000000f9200000| PB 0x00000000f9200000| Untracked 
| 915|0x00000000f9300000, 0x00000000f9300000, 0x00000000f9400000|  0%| F|  |TAMS 0x00000000f9300000| PB 0x00000000f9300000| Untracked 
| 916|0x00000000f9400000, 0x00000000f9400000, 0x00000000f9500000|  0%| F|  |TAMS 0x00000000f9400000| PB 0x00000000f9400000| Untracked 
| 917|0x00000000f9500000, 0x00000000f9500000, 0x00000000f9600000|  0%| F|  |TAMS 0x00000000f9500000| PB 0x00000000f9500000| Untracked 
| 918|0x00000000f9600000, 0x00000000f9600000, 0x00000000f9700000|  0%| F|  |TAMS 0x00000000f9600000| PB 0x00000000f9600000| Untracked 
| 919|0x00000000f9700000, 0x00000000f9700000, 0x00000000f9800000|  0%| F|  |TAMS 0x00000000f9700000| PB 0x00000000f9700000| Untracked 
| 920|0x00000000f9800000, 0x00000000f9800000, 0x00000000f9900000|  0%| F|  |TAMS 0x00000000f9800000| PB 0x00000000f9800000| Untracked 
| 921|0x00000000f9900000, 0x00000000f9900000, 0x00000000f9a00000|  0%| F|  |TAMS 0x00000000f9900000| PB 0x00000000f9900000| Untracked 
| 922|0x00000000f9a00000, 0x00000000f9a00000, 0x00000000f9b00000|  0%| F|  |TAMS 0x00000000f9a00000| PB 0x00000000f9a00000| Untracked 
| 923|0x00000000f9b00000, 0x00000000f9b00000, 0x00000000f9c00000|  0%| F|  |TAMS 0x00000000f9b00000| PB 0x00000000f9b00000| Untracked 
| 924|0x00000000f9c00000, 0x00000000f9c00000, 0x00000000f9d00000|  0%| F|  |TAMS 0x00000000f9c00000| PB 0x00000000f9c00000| Untracked 
| 925|0x00000000f9d00000, 0x00000000f9d00000, 0x00000000f9e00000|  0%| F|  |TAMS 0x00000000f9d00000| PB 0x00000000f9d00000| Untracked 
| 926|0x00000000f9e00000, 0x00000000f9e00000, 0x00000000f9f00000|  0%| F|  |TAMS 0x00000000f9e00000| PB 0x00000000f9e00000| Untracked 
| 927|0x00000000f9f00000, 0x00000000f9f00000, 0x00000000fa000000|  0%| F|  |TAMS 0x00000000f9f00000| PB 0x00000000f9f00000| Untracked 
| 928|0x00000000fa000000, 0x00000000fa100000, 0x00000000fa100000|100%| O|  |TAMS 0x00000000fa100000| PB 0x00000000fa000000| Untracked 
| 929|0x00000000fa100000, 0x00000000fa100000, 0x00000000fa200000|  0%| F|  |TAMS 0x00000000fa100000| PB 0x00000000fa100000| Untracked 
| 930|0x00000000fa200000, 0x00000000fa200000, 0x00000000fa300000|  0%| F|  |TAMS 0x00000000fa200000| PB 0x00000000fa200000| Untracked 
| 931|0x00000000fa300000, 0x00000000fa300000, 0x00000000fa400000|  0%| F|  |TAMS 0x00000000fa300000| PB 0x00000000fa300000| Untracked 
| 932|0x00000000fa400000, 0x00000000fa400000, 0x00000000fa500000|  0%| F|  |TAMS 0x00000000fa400000| PB 0x00000000fa400000| Untracked 
| 933|0x00000000fa500000, 0x00000000fa500000, 0x00000000fa600000|  0%| F|  |TAMS 0x00000000fa500000| PB 0x00000000fa500000| Untracked 
| 934|0x00000000fa600000, 0x00000000fa600000, 0x00000000fa700000|  0%| F|  |TAMS 0x00000000fa600000| PB 0x00000000fa600000| Untracked 
| 935|0x00000000fa700000, 0x00000000fa700000, 0x00000000fa800000|  0%| F|  |TAMS 0x00000000fa700000| PB 0x00000000fa700000| Untracked 
| 936|0x00000000fa800000, 0x00000000fa800000, 0x00000000fa900000|  0%| F|  |TAMS 0x00000000fa800000| PB 0x00000000fa800000| Untracked 
| 937|0x00000000fa900000, 0x00000000fa900000, 0x00000000faa00000|  0%| F|  |TAMS 0x00000000fa900000| PB 0x00000000fa900000| Untracked 
| 938|0x00000000faa00000, 0x00000000faa00000, 0x00000000fab00000|  0%| F|  |TAMS 0x00000000faa00000| PB 0x00000000faa00000| Untracked 
| 939|0x00000000fab00000, 0x00000000fab00000, 0x00000000fac00000|  0%| F|  |TAMS 0x00000000fab00000| PB 0x00000000fab00000| Untracked 
| 940|0x00000000fac00000, 0x00000000fac00000, 0x00000000fad00000|  0%| F|  |TAMS 0x00000000fac00000| PB 0x00000000fac00000| Untracked 
| 941|0x00000000fad00000, 0x00000000fad00000, 0x00000000fae00000|  0%| F|  |TAMS 0x00000000fad00000| PB 0x00000000fad00000| Untracked 
| 942|0x00000000fae00000, 0x00000000fae00000, 0x00000000faf00000|  0%| F|  |TAMS 0x00000000fae00000| PB 0x00000000fae00000| Untracked 
| 943|0x00000000faf00000, 0x00000000faf00000, 0x00000000fb000000|  0%| F|  |TAMS 0x00000000faf00000| PB 0x00000000faf00000| Untracked 
| 944|0x00000000fb000000, 0x00000000fb000000, 0x00000000fb100000|  0%| F|  |TAMS 0x00000000fb000000| PB 0x00000000fb000000| Untracked 
| 945|0x00000000fb100000, 0x00000000fb100000, 0x00000000fb200000|  0%| F|  |TAMS 0x00000000fb100000| PB 0x00000000fb100000| Untracked 
| 946|0x00000000fb200000, 0x00000000fb200000, 0x00000000fb300000|  0%| F|  |TAMS 0x00000000fb200000| PB 0x00000000fb200000| Untracked 
| 947|0x00000000fb300000, 0x00000000fb300000, 0x00000000fb400000|  0%| F|  |TAMS 0x00000000fb300000| PB 0x00000000fb300000| Untracked 
| 948|0x00000000fb400000, 0x00000000fb400000, 0x00000000fb500000|  0%| F|  |TAMS 0x00000000fb400000| PB 0x00000000fb400000| Untracked 
| 949|0x00000000fb500000, 0x00000000fb500000, 0x00000000fb600000|  0%| F|  |TAMS 0x00000000fb500000| PB 0x00000000fb500000| Untracked 
| 950|0x00000000fb600000, 0x00000000fb600000, 0x00000000fb700000|  0%| F|  |TAMS 0x00000000fb600000| PB 0x00000000fb600000| Untracked 
| 951|0x00000000fb700000, 0x00000000fb700000, 0x00000000fb800000|  0%| F|  |TAMS 0x00000000fb700000| PB 0x00000000fb700000| Untracked 
| 952|0x00000000fb800000, 0x00000000fb800000, 0x00000000fb900000|  0%| F|  |TAMS 0x00000000fb800000| PB 0x00000000fb800000| Untracked 
| 953|0x00000000fb900000, 0x00000000fb900000, 0x00000000fba00000|  0%| F|  |TAMS 0x00000000fb900000| PB 0x00000000fb900000| Untracked 
| 954|0x00000000fba00000, 0x00000000fba00000, 0x00000000fbb00000|  0%| F|  |TAMS 0x00000000fba00000| PB 0x00000000fba00000| Untracked 
| 955|0x00000000fbb00000, 0x00000000fbb00000, 0x00000000fbc00000|  0%| F|  |TAMS 0x00000000fbb00000| PB 0x00000000fbb00000| Untracked 
| 956|0x00000000fbc00000, 0x00000000fbc00000, 0x00000000fbd00000|  0%| F|  |TAMS 0x00000000fbc00000| PB 0x00000000fbc00000| Untracked 
| 957|0x00000000fbd00000, 0x00000000fbd00000, 0x00000000fbe00000|  0%| F|  |TAMS 0x00000000fbd00000| PB 0x00000000fbd00000| Untracked 
| 958|0x00000000fbe00000, 0x00000000fbe00000, 0x00000000fbf00000|  0%| F|  |TAMS 0x00000000fbe00000| PB 0x00000000fbe00000| Untracked 
| 959|0x00000000fbf00000, 0x00000000fbf00000, 0x00000000fc000000|  0%| F|  |TAMS 0x00000000fbf00000| PB 0x00000000fbf00000| Untracked 
| 960|0x00000000fc000000, 0x00000000fc000000, 0x00000000fc100000|  0%| F|  |TAMS 0x00000000fc000000| PB 0x00000000fc000000| Untracked 
| 961|0x00000000fc100000, 0x00000000fc100000, 0x00000000fc200000|  0%| F|  |TAMS 0x00000000fc100000| PB 0x00000000fc100000| Untracked 
| 962|0x00000000fc200000, 0x00000000fc200000, 0x00000000fc300000|  0%| F|  |TAMS 0x00000000fc200000| PB 0x00000000fc200000| Untracked 
| 963|0x00000000fc300000, 0x00000000fc300000, 0x00000000fc400000|  0%| F|  |TAMS 0x00000000fc300000| PB 0x00000000fc300000| Untracked 
| 964|0x00000000fc400000, 0x00000000fc400000, 0x00000000fc500000|  0%| F|  |TAMS 0x00000000fc400000| PB 0x00000000fc400000| Untracked 
| 965|0x00000000fc500000, 0x00000000fc500000, 0x00000000fc600000|  0%| F|  |TAMS 0x00000000fc500000| PB 0x00000000fc500000| Untracked 
| 966|0x00000000fc600000, 0x00000000fc600000, 0x00000000fc700000|  0%| F|  |TAMS 0x00000000fc600000| PB 0x00000000fc600000| Untracked 
| 967|0x00000000fc700000, 0x00000000fc700000, 0x00000000fc800000|  0%| F|  |TAMS 0x00000000fc700000| PB 0x00000000fc700000| Untracked 
| 968|0x00000000fc800000, 0x00000000fc800000, 0x00000000fc900000|  0%| F|  |TAMS 0x00000000fc800000| PB 0x00000000fc800000| Untracked 
| 969|0x00000000fc900000, 0x00000000fc900000, 0x00000000fca00000|  0%| F|  |TAMS 0x00000000fc900000| PB 0x00000000fc900000| Untracked 
| 970|0x00000000fca00000, 0x00000000fca00000, 0x00000000fcb00000|  0%| F|  |TAMS 0x00000000fca00000| PB 0x00000000fca00000| Untracked 
| 971|0x00000000fcb00000, 0x00000000fcb00000, 0x00000000fcc00000|  0%| F|  |TAMS 0x00000000fcb00000| PB 0x00000000fcb00000| Untracked 
| 972|0x00000000fcc00000, 0x00000000fcc00000, 0x00000000fcd00000|  0%| F|  |TAMS 0x00000000fcc00000| PB 0x00000000fcc00000| Untracked 
| 973|0x00000000fcd00000, 0x00000000fcd00000, 0x00000000fce00000|  0%| F|  |TAMS 0x00000000fcd00000| PB 0x00000000fcd00000| Untracked 
| 974|0x00000000fce00000, 0x00000000fce00000, 0x00000000fcf00000|  0%| F|  |TAMS 0x00000000fce00000| PB 0x00000000fce00000| Untracked 
| 975|0x00000000fcf00000, 0x00000000fcf00000, 0x00000000fd000000|  0%| F|  |TAMS 0x00000000fcf00000| PB 0x00000000fcf00000| Untracked 
| 976|0x00000000fd000000, 0x00000000fd000000, 0x00000000fd100000|  0%| F|  |TAMS 0x00000000fd000000| PB 0x00000000fd000000| Untracked 
| 977|0x00000000fd100000, 0x00000000fd100000, 0x00000000fd200000|  0%| F|  |TAMS 0x00000000fd100000| PB 0x00000000fd100000| Untracked 
| 978|0x00000000fd200000, 0x00000000fd200000, 0x00000000fd300000|  0%| F|  |TAMS 0x00000000fd200000| PB 0x00000000fd200000| Untracked 
| 979|0x00000000fd300000, 0x00000000fd300000, 0x00000000fd400000|  0%| F|  |TAMS 0x00000000fd300000| PB 0x00000000fd300000| Untracked 
| 980|0x00000000fd400000, 0x00000000fd400000, 0x00000000fd500000|  0%| F|  |TAMS 0x00000000fd400000| PB 0x00000000fd400000| Untracked 
| 981|0x00000000fd500000, 0x00000000fd500000, 0x00000000fd600000|  0%| F|  |TAMS 0x00000000fd500000| PB 0x00000000fd500000| Untracked 
| 982|0x00000000fd600000, 0x00000000fd600000, 0x00000000fd700000|  0%| F|  |TAMS 0x00000000fd600000| PB 0x00000000fd600000| Untracked 
| 983|0x00000000fd700000, 0x00000000fd700000, 0x00000000fd800000|  0%| F|  |TAMS 0x00000000fd700000| PB 0x00000000fd700000| Untracked 
| 984|0x00000000fd800000, 0x00000000fd8ab180, 0x00000000fd900000| 66%| E|  |TAMS 0x00000000fd800000| PB 0x00000000fd800000| Complete 
| 985|0x00000000fd900000, 0x00000000fda00000, 0x00000000fda00000|100%| E|CS|TAMS 0x00000000fd900000| PB 0x00000000fd900000| Complete 
| 986|0x00000000fda00000, 0x00000000fdb00000, 0x00000000fdb00000|100%| E|CS|TAMS 0x00000000fda00000| PB 0x00000000fda00000| Complete 

Card table byte_map: [0x00000235f49a0000,0x00000235f4ba0000] _byte_map_base: 0x00000235f43a0000

Marking Bits: (CMBitMap*) 0x00000235cfd39ca0
 Bits: [0x00000235f4ba0000, 0x00000235f5ba0000)

Polling page: 0x00000235cf0a0000

Metaspace:

Usage:
  Non-class:    366.34 MB used.
      Class:     53.26 MB used.
       Both:    419.60 MB used.

Virtual space:
  Non-class space:      384.00 MB reserved,     369.50 MB ( 96%) committed,  6 nodes.
      Class space:        1.00 GB reserved,      56.25 MB (  5%) committed,  1 nodes.
             Both:        1.38 GB reserved,     425.75 MB ( 30%) committed. 

Chunk freelists:
   Non-Class:  14.45 MB
       Class:  8.04 MB
        Both:  22.49 MB

MaxMetaspaceSize: unlimited
CompressedClassSpaceSize: 1.00 GB
Initial GC threshold: 21.00 MB
Current GC threshold: 708.75 MB
CDS: on
 - commit_granule_bytes: 65536.
 - commit_granule_words: 8192.
 - virtual_space_node_default_size: 8388608.
 - enlarge_chunks_in_place: 1.
 - use_allocation_guard: 0.


Internal statistics:

num_allocs_failed_limit: 58.
num_arena_births: 15466.
num_arena_deaths: 9234.
num_vsnodes_births: 7.
num_vsnodes_deaths: 0.
num_space_committed: 6880.
num_space_uncommitted: 39.
num_chunks_returned_to_freelist: 14338.
num_chunks_taken_from_freelist: 45611.
num_chunk_merges: 5194.
num_chunk_splits: 23327.
num_chunks_enlarged: 10118.
num_inconsistent_stats: 0.

CodeHeap 'non-profiled nmethods': size=259328Kb used=39880Kb max_used=41643Kb free=219447Kb
 bounds [0x00000235e3fc0000, 0x00000235e6880000, 0x00000235f3d00000]
CodeHeap 'profiled nmethods': size=259264Kb used=87018Kb max_used=99284Kb free=172245Kb
 bounds [0x00000235d3d00000, 0x00000235d9e70000, 0x00000235e3a30000]
CodeHeap 'non-nmethods': size=5696Kb used=3420Kb max_used=3462Kb free=2275Kb
 bounds [0x00000235e3a30000, 0x00000235e3da0000, 0x00000235e3fc0000]
CodeCache: size=524288Kb, used=130318Kb, max_used=144389Kb, free=393967Kb
 total_blobs=40697, nmethods=38291, adapters=2305, full_count=0
Compilation: enabled, stopped_count=0, restarted_count=0

Compilation events (20 events):
Event: 1202.818 Thread 0x00000235fd014ae0 nmethod 93903 0x00000235d6db4a10 code [0x00000235d6db4ca0, 0x00000235d6db53d8]
Event: 1202.818 Thread 0x00000235fd014ae0 93904       2       com.fasterxml.jackson.core.sym.ByteQuadsCanonicalizer::_appendLongName (125 bytes)
Event: 1202.818 Thread 0x00000235fd014ae0 nmethod 93904 0x00000235d8ab3410 code [0x00000235d8ab3680, 0x00000235d8ab4070]
Event: 1202.818 Thread 0x00000235fd014ae0 93907   !   2       com.intellij.ide.G.T.Gx::D (58 bytes)
Event: 1202.818 Thread 0x00000235fd014ae0 nmethod 93907 0x00000235d48c0110 code [0x00000235d48c02c0, 0x00000235d48c0418]
Event: 1202.818 Thread 0x00000235fd014ae0 93908       1       com.intellij.ide.plugins.PluginMainDescriptor::getProductCode (5 bytes)
Event: 1202.818 Thread 0x00000235fd014ae0 nmethod 93908 0x00000235e41dd390 code [0x00000235e41dd520, 0x00000235e41dd5e8]
Event: 1202.833 Thread 0x00000235fd010020 nmethod 93878 0x00000235e43cc210 code [0x00000235e43cc3e0, 0x00000235e43cd2e8]
Event: 1202.833 Thread 0x00000235fd010020 93905       4       com.fasterxml.jackson.core.sym.ByteQuadsCanonicalizer::calcHash (117 bytes)
Event: 1202.834 Thread 0x00000235fd010020 nmethod 93905 0x00000235e449be90 code [0x00000235e449c020, 0x00000235e449c1e8]
Event: 1202.834 Thread 0x00000235fd010020 93902       4       com.fasterxml.jackson.core.json.UTF8StreamJsonParser::parseMediumName2 (283 bytes)
Event: 1202.836 Thread 0x00000235fd010020 nmethod 93902 0x00000235e4461110 code [0x00000235e44612e0, 0x00000235e44615d8]
Event: 1202.836 Thread 0x00000235fd010020 93877       4       java.math.MutableBigInteger::leftShift (293 bytes)
Event: 1202.845 Thread 0x00000235fd010020 nmethod 93877 0x00000235e5000310 code [0x00000235e50004e0, 0x00000235e5000db0]
Event: 1202.845 Thread 0x00000235fd010020 93843 % !   4       sun.security.provider.X509Factory::readOneBlock @ 286 (453 bytes)
Event: 1202.884 Thread 0x00000235fd010020 nmethod 93843% 0x00000235e686ac90 code [0x00000235e686b200, 0x00000235e686f0c8]
Event: 1206.881 Thread 0x00000235fd010020 93909       4       com.intellij.util.concurrency.Propagation$$Lambda/0x0000023582e0f1d8::invoke (12 bytes)
Event: 1206.887 Thread 0x00000235fd010020 nmethod 93909 0x00000235e489ed90 code [0x00000235e489f020, 0x00000235e489f850]
Event: 1207.792 Thread 0x00000235fd010020 93910       4       com.intellij.util.concurrency.Propagation$$Lambda/0x00000235826c0798::run (12 bytes)
Event: 1207.803 Thread 0x00000235fd010020 nmethod 93910 0x00000235e44c2490 code [0x00000235e44c27a0, 0x00000235e44c3330]

GC Heap History (20 events):
Event: 474.945 GC heap before
{Heap before GC invocations=315 (full 4):
 garbage-first heap   total 969728K, used 911919K [0x00000000c0000000, 0x0000000100000000)
  region size 1024K, 331 young (338944K), 0 survivors (0K)
 Metaspace       used 428665K, committed 435008K, reserved 1441792K
  class space    used 54489K, committed 57664K, reserved 1048576K
}
Event: 474.949 GC heap after
{Heap after GC invocations=316 (full 4):
 garbage-first heap   total 969728K, used 581104K [0x00000000c0000000, 0x0000000100000000)
  region size 1024K, 7 young (7168K), 7 survivors (7168K)
 Metaspace       used 428665K, committed 435008K, reserved 1441792K
  class space    used 54489K, committed 57664K, reserved 1048576K
}
Event: 611.714 GC heap before
{Heap before GC invocations=317 (full 4):
 garbage-first heap   total 974848K, used 906736K [0x00000000c0000000, 0x0000000100000000)
  region size 1024K, 330 young (337920K), 7 survivors (7168K)
 Metaspace       used 428489K, committed 434944K, reserved 1441792K
  class space    used 54433K, committed 57600K, reserved 1048576K
}
Event: 611.719 GC heap after
{Heap after GC invocations=318 (full 4):
 garbage-first heap   total 974848K, used 578560K [0x00000000c0000000, 0x0000000100000000)
  region size 1024K, 9 young (9216K), 9 survivors (9216K)
 Metaspace       used 428489K, committed 434944K, reserved 1441792K
  class space    used 54433K, committed 57600K, reserved 1048576K
}
Event: 662.002 GC heap before
{Heap before GC invocations=318 (full 4):
 garbage-first heap   total 974848K, used 916480K [0x00000000c0000000, 0x0000000100000000)
  region size 1024K, 339 young (347136K), 9 survivors (9216K)
 Metaspace       used 428763K, committed 435072K, reserved 1441792K
  class space    used 54462K, committed 57600K, reserved 1048576K
}
Event: 662.009 GC heap after
{Heap after GC invocations=319 (full 4):
 garbage-first heap   total 974848K, used 597774K [0x00000000c0000000, 0x0000000100000000)
  region size 1024K, 28 young (28672K), 28 survivors (28672K)
 Metaspace       used 428763K, committed 435072K, reserved 1441792K
  class space    used 54462K, committed 57600K, reserved 1048576K
}
Event: 662.122 GC heap before
{Heap before GC invocations=319 (full 4):
 garbage-first heap   total 974848K, used 637710K [0x00000000c0000000, 0x0000000100000000)
  region size 1024K, 69 young (70656K), 28 survivors (28672K)
 Metaspace       used 428763K, committed 435072K, reserved 1441792K
  class space    used 54462K, committed 57600K, reserved 1048576K
}
Event: 662.128 GC heap after
{Heap after GC invocations=320 (full 4):
 garbage-first heap   total 974848K, used 600170K [0x00000000c0000000, 0x0000000100000000)
  region size 1024K, 4 young (4096K), 4 survivors (4096K)
 Metaspace       used 428763K, committed 435072K, reserved 1441792K
  class space    used 54462K, committed 57600K, reserved 1048576K
}
Event: 662.794 GC heap before
{Heap before GC invocations=321 (full 4):
 garbage-first heap   total 1010688K, used 938090K [0x00000000c0000000, 0x0000000100000000)
  region size 1024K, 315 young (322560K), 4 survivors (4096K)
 Metaspace       used 428803K, committed 435072K, reserved 1441792K
  class space    used 54467K, committed 57600K, reserved 1048576K
}
Event: 662.797 GC heap after
{Heap after GC invocations=322 (full 4):
 garbage-first heap   total 1010688K, used 598290K [0x00000000c0000000, 0x0000000100000000)
  region size 1024K, 2 young (2048K), 2 survivors (2048K)
 Metaspace       used 428803K, committed 435072K, reserved 1441792K
  class space    used 54467K, committed 57600K, reserved 1048576K
}
Event: 701.786 GC heap before
{Heap before GC invocations=322 (full 4):
 garbage-first heap   total 1010688K, used 957714K [0x00000000c0000000, 0x0000000100000000)
  region size 1024K, 350 young (358400K), 2 survivors (2048K)
 Metaspace       used 429072K, committed 435328K, reserved 1441792K
  class space    used 54505K, committed 57600K, reserved 1048576K
}
Event: 701.789 GC heap after
{Heap after GC invocations=323 (full 4):
 garbage-first heap   total 1010688K, used 599509K [0x00000000c0000000, 0x0000000100000000)
  region size 1024K, 4 young (4096K), 4 survivors (4096K)
 Metaspace       used 429072K, committed 435328K, reserved 1441792K
  class space    used 54505K, committed 57600K, reserved 1048576K
}
Event: 717.585 GC heap before
{Heap before GC invocations=323 (full 4):
 garbage-first heap   total 1010688K, used 774613K [0x00000000c0000000, 0x0000000100000000)
  region size 1024K, 177 young (181248K), 4 survivors (4096K)
 Metaspace       used 429181K, committed 435456K, reserved 1441792K
  class space    used 54507K, committed 57600K, reserved 1048576K
}
Event: 717.589 GC heap after
{Heap after GC invocations=324 (full 4):
 garbage-first heap   total 1010688K, used 599604K [0x00000000c0000000, 0x0000000100000000)
  region size 1024K, 4 young (4096K), 4 survivors (4096K)
 Metaspace       used 429181K, committed 435456K, reserved 1441792K
  class space    used 54507K, committed 57600K, reserved 1048576K
}
Event: 846.782 GC heap before
{Heap before GC invocations=325 (full 4):
 garbage-first heap   total 1010688K, used 942644K [0x00000000c0000000, 0x0000000100000000)
  region size 1024K, 352 young (360448K), 4 survivors (4096K)
 Metaspace       used 429416K, committed 435712K, reserved 1441792K
  class space    used 54512K, committed 57600K, reserved 1048576K
}
Event: 846.786 GC heap after
{Heap after GC invocations=326 (full 4):
 garbage-first heap   total 1010688K, used 588847K [0x00000000c0000000, 0x0000000100000000)
  region size 1024K, 8 young (8192K), 8 survivors (8192K)
 Metaspace       used 429416K, committed 435712K, reserved 1441792K
  class space    used 54512K, committed 57600K, reserved 1048576K
}
Event: 1033.464 GC heap before
{Heap before GC invocations=326 (full 4):
 garbage-first heap   total 1010688K, used 954415K [0x00000000c0000000, 0x0000000100000000)
  region size 1024K, 366 young (374784K), 8 survivors (8192K)
 Metaspace       used 429519K, committed 435776K, reserved 1441792K
  class space    used 54516K, committed 57600K, reserved 1048576K
}
Event: 1033.468 GC heap after
{Heap after GC invocations=327 (full 4):
 garbage-first heap   total 1010688K, used 583242K [0x00000000c0000000, 0x0000000100000000)
  region size 1024K, 7 young (7168K), 7 survivors (7168K)
 Metaspace       used 429519K, committed 435776K, reserved 1441792K
  class space    used 54516K, committed 57600K, reserved 1048576K
}
Event: 1223.507 GC heap before
{Heap before GC invocations=327 (full 4):
 garbage-first heap   total 1010688K, used 954954K [0x00000000c0000000, 0x0000000100000000)
  region size 1024K, 371 young (379904K), 7 survivors (7168K)
 Metaspace       used 429670K, committed 435968K, reserved 1441792K
  class space    used 54533K, committed 57600K, reserved 1048576K
}
Event: 1223.512 GC heap after
{Heap after GC invocations=328 (full 4):
 garbage-first heap   total 1010688K, used 583242K [0x00000000c0000000, 0x0000000100000000)
  region size 1024K, 7 young (7168K), 7 survivors (7168K)
 Metaspace       used 429670K, committed 435968K, reserved 1441792K
  class space    used 54533K, committed 57600K, reserved 1048576K
}

Dll operation events (3 events):
Event: 0.011 Loaded shared library E:\DevTool\JetBrains Rider 2025.3.2\jbr\bin\java.dll
Event: 0.012 Loaded shared library E:\DevTool\JetBrains Rider 2025.3.2\jbr\bin\zip.dll
Event: 0.380 Loaded shared library E:\DevTool\JetBrains Rider 2025.3.2\jbr\bin\verify.dll

Deoptimization events (20 events):
Event: 1202.803 Thread 0x00000236990da5a0 Uncommon trap: trap_request=0xffffffbe fr.pc=0x00000235e42252f0 relative=0x0000000000000a90
Event: 1202.803 Thread 0x00000236990da5a0 Uncommon trap: reason=profile_predicate action=maybe_recompile pc=0x00000235e42252f0 method=java.math.MutableBigInteger.add(Ljava/math/MutableBigInteger;)V @ 68 c2
Event: 1202.803 Thread 0x00000236990da5a0 DEOPT PACKING pc=0x00000235e42252f0 sp=0x00000036525fd410
Event: 1202.803 Thread 0x00000236990da5a0 DEOPT UNPACKING pc=0x00000235e3a84422 sp=0x00000036525fd390 mode 2
Event: 1202.803 Thread 0x00000236990da5a0 Uncommon trap: trap_request=0xffffffbe fr.pc=0x00000235e42252f0 relative=0x0000000000000a90
Event: 1202.803 Thread 0x00000236990da5a0 Uncommon trap: reason=profile_predicate action=maybe_recompile pc=0x00000235e42252f0 method=java.math.MutableBigInteger.add(Ljava/math/MutableBigInteger;)V @ 68 c2
Event: 1202.803 Thread 0x00000236990da5a0 DEOPT PACKING pc=0x00000235e42252f0 sp=0x00000036525fd410
Event: 1202.803 Thread 0x00000236990da5a0 DEOPT UNPACKING pc=0x00000235e3a84422 sp=0x00000036525fd390 mode 2
Event: 1202.804 Thread 0x00000236990da5a0 Uncommon trap: trap_request=0xffffffbe fr.pc=0x00000235e42252f0 relative=0x0000000000000a90
Event: 1202.804 Thread 0x00000236990da5a0 Uncommon trap: reason=profile_predicate action=maybe_recompile pc=0x00000235e42252f0 method=java.math.MutableBigInteger.add(Ljava/math/MutableBigInteger;)V @ 68 c2
Event: 1202.804 Thread 0x00000236990da5a0 DEOPT PACKING pc=0x00000235e42252f0 sp=0x00000036525fd910
Event: 1202.804 Thread 0x00000236990da5a0 DEOPT UNPACKING pc=0x00000235e3a84422 sp=0x00000036525fd890 mode 2
Event: 1202.804 Thread 0x00000236990da5a0 Uncommon trap: trap_request=0xffffffbe fr.pc=0x00000235e42252f0 relative=0x0000000000000a90
Event: 1202.804 Thread 0x00000236990da5a0 Uncommon trap: reason=profile_predicate action=maybe_recompile pc=0x00000235e42252f0 method=java.math.MutableBigInteger.add(Ljava/math/MutableBigInteger;)V @ 68 c2
Event: 1202.804 Thread 0x00000236990da5a0 DEOPT PACKING pc=0x00000235e42252f0 sp=0x00000036525fd910
Event: 1202.804 Thread 0x00000236990da5a0 DEOPT UNPACKING pc=0x00000235e3a84422 sp=0x00000036525fd890 mode 2
Event: 1221.202 Thread 0x000002369478ab80 Uncommon trap: trap_request=0xffffff45 fr.pc=0x00000235e5205560 relative=0x0000000000001a80
Event: 1221.202 Thread 0x000002369478ab80 Uncommon trap: reason=unstable_if action=reinterpret pc=0x00000235e5205560 method=java.util.concurrent.DelayQueue.take()Ljava/util/concurrent/Delayed; @ 78 c2
Event: 1221.202 Thread 0x000002369478ab80 DEOPT PACKING pc=0x00000235e5205560 sp=0x00000036522ff370
Event: 1221.202 Thread 0x000002369478ab80 DEOPT UNPACKING pc=0x00000235e3a84422 sp=0x00000036522ff358 mode 2

Classes loaded (20 events):
Event: 1021.739 Loading class fleet/rpc/client/DurableKt$durable$3
Event: 1021.739 Loading class fleet/rpc/client/DurableKt$durable$3 done
Event: 1021.739 Loading class fleet/rpc/client/DurableLogger
Event: 1021.739 Loading class fleet/rpc/client/DurableLogger done
Event: 1081.013 Loading class javax/annotation/Nullable
Event: 1081.013 Loading class javax/annotation/Nullable done
Event: 1141.009 Loading class javax/annotation/Nullable
Event: 1141.009 Loading class javax/annotation/Nullable done
Event: 1201.005 Loading class javax/annotation/Nullable
Event: 1201.005 Loading class javax/annotation/Nullable done
Event: 1202.801 Loading class com/intellij/ide/G/T/Y
Event: 1202.801 Loading class com/intellij/ide/G/T/Y done
Event: 1202.802 Loading class com/intellij/ide/G/T/Do
Event: 1202.802 Loading class com/intellij/ide/G/T/Do done
Event: 1202.802 Loading class com/intellij/ide/G/F
Event: 1202.802 Loading class com/intellij/ide/G/F done
Event: 1202.802 Loading class com/intellij/ide/G/T/p
Event: 1202.802 Loading class com/intellij/ide/G/T/p done
Event: 1202.802 Loading class com/intellij/ide/G/T/p
Event: 1202.802 Loading class com/intellij/ide/G/T/p done

Classes unloaded (20 events):
Event: 1223.723 Thread 0x00000235f8016ac0 Unloading class 0x0000023584892000 'java/lang/invoke/LambdaForm$MH+0x0000023584892000'
Event: 1223.723 Thread 0x00000235f8016ac0 Unloading class 0x0000023584868800 'java/lang/invoke/LambdaForm$MH+0x0000023584868800'
Event: 1223.723 Thread 0x00000235f8016ac0 Unloading class 0x00000235851c0800 'java/lang/invoke/LambdaForm$MH+0x00000235851c0800'
Event: 1223.723 Thread 0x00000235f8016ac0 Unloading class 0x0000023584e17800 'java/lang/invoke/LambdaForm$MH+0x0000023584e17800'
Event: 1223.723 Thread 0x00000235f8016ac0 Unloading class 0x0000023584e17400 'java/lang/invoke/LambdaForm$MH+0x0000023584e17400'
Event: 1223.723 Thread 0x00000235f8016ac0 Unloading class 0x0000023584df1000 'java/lang/invoke/LambdaForm$MH+0x0000023584df1000'
Event: 1223.723 Thread 0x00000235f8016ac0 Unloading class 0x0000023583b7bc00 'java/lang/invoke/LambdaForm$MH+0x0000023583b7bc00'
Event: 1223.723 Thread 0x00000235f8016ac0 Unloading class 0x0000023583ec8000 'java/lang/invoke/LambdaForm$MH+0x0000023583ec8000'
Event: 1223.723 Thread 0x00000235f8016ac0 Unloading class 0x0000023584928000 'java/lang/invoke/LambdaForm$MH+0x0000023584928000'
Event: 1223.723 Thread 0x00000235f8016ac0 Unloading class 0x0000023584b34400 'java/lang/invoke/LambdaForm$MH+0x0000023584b34400'
Event: 1223.723 Thread 0x00000235f8016ac0 Unloading class 0x0000023584be8400 'java/lang/invoke/LambdaForm$MH+0x0000023584be8400'
Event: 1223.723 Thread 0x00000235f8016ac0 Unloading class 0x0000023584be8800 'java/lang/invoke/LambdaForm$MH+0x0000023584be8800'
Event: 1223.723 Thread 0x00000235f8016ac0 Unloading class 0x0000023584c2c000 'java/lang/invoke/LambdaForm$MH+0x0000023584c2c000'
Event: 1223.723 Thread 0x00000235f8016ac0 Unloading class 0x0000023584c38c00 'java/lang/invoke/LambdaForm$MH+0x0000023584c38c00'
Event: 1223.723 Thread 0x00000235f8016ac0 Unloading class 0x0000023584c39400 'java/lang/invoke/LambdaForm$DMH+0x0000023584c39400'
Event: 1223.723 Thread 0x00000235f8016ac0 Unloading class 0x0000023584e18400 'java/lang/invoke/LambdaForm$BMH+0x0000023584e18400'
Event: 1223.723 Thread 0x00000235f8016ac0 Unloading class 0x00000235857c1800 'java/lang/invoke/LambdaForm$MH+0x00000235857c1800'
Event: 1223.723 Thread 0x00000235f8016ac0 Unloading class 0x000002358584a000 'java/lang/invoke/LambdaForm$MH+0x000002358584a000'
Event: 1223.723 Thread 0x00000235f8016ac0 Unloading class 0x0000023582985800 'java/lang/invoke/LambdaForm$MH+0x0000023582985800'
Event: 1223.723 Thread 0x00000235f8016ac0 Unloading class 0x0000023582974000 'java/lang/invoke/LambdaForm$MH+0x0000023582974000'

Classes redefined (4 events):
Event: 0.295 Thread 0x00000235f8016ac0 redefined class name=java.math.BigInteger, count=1
Event: 0.302 Thread 0x00000235f8016ac0 redefined class name=java.net.InetAddress, count=1
Event: 0.306 Thread 0x00000235f8016ac0 redefined class name=sun.management.VMManagementImpl, count=1
Event: 0.320 Thread 0x00000235f8016ac0 redefined class name=java.lang.Class, count=1

Internal exceptions (20 events):
Event: 1205.596 Thread 0x00000236990da5a0 Exception <a 'sun/nio/fs/WindowsException'{0x00000000e8670f18}> (0x00000000e8670f18) 
thrown [s\src\hotspot\share\prims\jni.cpp, line 537]
Event: 1205.596 Thread 0x00000236990da5a0 Exception <a 'sun/nio/fs/WindowsException'{0x00000000e8672f60}> (0x00000000e8672f60) 
thrown [s\src\hotspot\share\prims\jni.cpp, line 537]
Event: 1205.597 Thread 0x00000236990da5a0 Exception <a 'sun/nio/fs/WindowsException'{0x00000000e8673da0}> (0x00000000e8673da0) 
thrown [s\src\hotspot\share\prims\jni.cpp, line 537]
Event: 1205.597 Thread 0x00000236990da5a0 Exception <a 'sun/nio/fs/WindowsException'{0x00000000e8674f48}> (0x00000000e8674f48) 
thrown [s\src\hotspot\share\prims\jni.cpp, line 537]
Event: 1205.597 Thread 0x00000236990da5a0 Exception <a 'sun/nio/fs/WindowsException'{0x00000000e8675e20}> (0x00000000e8675e20) 
thrown [s\src\hotspot\share\prims\jni.cpp, line 537]
Event: 1205.598 Thread 0x00000236990da5a0 Exception <a 'sun/nio/fs/WindowsException'{0x00000000e8677d28}> (0x00000000e8677d28) 
thrown [s\src\hotspot\share\prims\jni.cpp, line 537]
Event: 1205.598 Thread 0x00000236990da5a0 Exception <a 'sun/nio/fs/WindowsException'{0x00000000e8678c00}> (0x00000000e8678c00) 
thrown [s\src\hotspot\share\prims\jni.cpp, line 537]
Event: 1205.598 Thread 0x00000236990da5a0 Exception <a 'sun/nio/fs/WindowsException'{0x00000000e8679e10}> (0x00000000e8679e10) 
thrown [s\src\hotspot\share\prims\jni.cpp, line 537]
Event: 1205.598 Thread 0x00000236990da5a0 Exception <a 'sun/nio/fs/WindowsException'{0x00000000e867ada8}> (0x00000000e867ada8) 
thrown [s\src\hotspot\share\prims\jni.cpp, line 537]
Event: 1205.599 Thread 0x00000236990da5a0 Exception <a 'sun/nio/fs/WindowsException'{0x00000000e867ce30}> (0x00000000e867ce30) 
thrown [s\src\hotspot\share\prims\jni.cpp, line 537]
Event: 1205.599 Thread 0x00000236990da5a0 Exception <a 'sun/nio/fs/WindowsException'{0x00000000e867dfc8}> (0x00000000e867dfc8) 
thrown [s\src\hotspot\share\prims\jni.cpp, line 537]
Event: 1205.599 Thread 0x00000236990da5a0 Exception <a 'sun/nio/fs/WindowsException'{0x00000000e8683680}> (0x00000000e8683680) 
thrown [s\src\hotspot\share\prims\jni.cpp, line 537]
Event: 1205.600 Thread 0x00000236990da5a0 Exception <a 'sun/nio/fs/WindowsException'{0x00000000e8684510}> (0x00000000e8684510) 
thrown [s\src\hotspot\share\prims\jni.cpp, line 537]
Event: 1205.600 Thread 0x00000236990da5a0 Exception <a 'sun/nio/fs/WindowsException'{0x00000000e8685730}> (0x00000000e8685730) 
thrown [s\src\hotspot\share\prims\jni.cpp, line 537]
Event: 1205.600 Thread 0x00000236990da5a0 Exception <a 'sun/nio/fs/WindowsException'{0x00000000e8686680}> (0x00000000e8686680) 
thrown [s\src\hotspot\share\prims\jni.cpp, line 537]
Event: 1205.601 Thread 0x00000236990da5a0 Exception <a 'sun/nio/fs/WindowsException'{0x00000000e8688550}> (0x00000000e8688550) 
thrown [s\src\hotspot\share\prims\jni.cpp, line 537]
Event: 1205.601 Thread 0x00000236990da5a0 Exception <a 'sun/nio/fs/WindowsException'{0x00000000e8689428}> (0x00000000e8689428) 
thrown [s\src\hotspot\share\prims\jni.cpp, line 537]
Event: 1205.601 Thread 0x00000236990da5a0 Exception <a 'sun/nio/fs/WindowsException'{0x00000000e868a638}> (0x00000000e868a638) 
thrown [s\src\hotspot\share\prims\jni.cpp, line 537]
Event: 1205.601 Thread 0x00000236990da5a0 Exception <a 'sun/nio/fs/WindowsException'{0x00000000e868b5d0}> (0x00000000e868b5d0) 
thrown [s\src\hotspot\share\prims\jni.cpp, line 537]
Event: 1205.602 Thread 0x00000236990da5a0 Exception <a 'sun/nio/fs/WindowsException'{0x00000000e868fee0}> (0x00000000e868fee0) 
thrown [s\src\hotspot\share\prims\jni.cpp, line 537]

ZGC Phase Switch (0 events):
No events

VM Operations (20 events):
Event: 1142.317 Executing VM operation: RendezvousGCThreads done
Event: 1145.346 Executing VM operation: Cleanup
Event: 1145.346 Executing VM operation: Cleanup done
Event: 1167.601 Executing VM operation: Cleanup
Event: 1167.601 Executing VM operation: Cleanup done
Event: 1201.976 Executing VM operation: Cleanup
Event: 1201.977 Executing VM operation: Cleanup done
Event: 1202.581 Executing VM operation: HandshakeAllThreads (HandshakeForDeflation)
Event: 1202.581 Executing VM operation: HandshakeAllThreads (HandshakeForDeflation) done
Event: 1202.581 Executing VM operation: RendezvousGCThreads
Event: 1202.581 Executing VM operation: RendezvousGCThreads done
Event: 1203.591 Executing VM operation: Cleanup
Event: 1203.591 Executing VM operation: Cleanup done
Event: 1207.634 Executing VM operation: Cleanup
Event: 1207.634 Executing VM operation: Cleanup done
Event: 1208.637 Executing VM operation: Cleanup
Event: 1208.637 Executing VM operation: Cleanup done
Event: 1223.507 Executing VM operation: G1CollectForAllocation (G1 Evacuation Pause)
Event: 1223.512 Executing VM operation: G1CollectForAllocation (G1 Evacuation Pause) done
Event: 1223.722 Executing VM operation: G1PauseRemark

Memory protections (0 events):
No events

Nmethod flushes (20 events):
Event: 717.830 Thread 0x00000235f8016ac0 flushing  nmethod 0x00000235d80d1310
Event: 717.830 Thread 0x00000235f8016ac0 flushing  nmethod 0x00000235d80d3190
Event: 717.830 Thread 0x00000235f8016ac0 flushing  nmethod 0x00000235d81bdf10
Event: 717.830 Thread 0x00000235f8016ac0 flushing  nmethod 0x00000235d81c4a90
Event: 717.830 Thread 0x00000235f8016ac0 flushing  nmethod 0x00000235d8280690
Event: 717.830 Thread 0x00000235f8016ac0 flushing  nmethod 0x00000235d87d0110
Event: 717.830 Thread 0x00000235f8016ac0 flushing  nmethod 0x00000235d89f5f90
Event: 717.830 Thread 0x00000235f8016ac0 flushing  nmethod 0x00000235d89f6710
Event: 717.830 Thread 0x00000235f8016ac0 flushing  nmethod 0x00000235d89f6a90
Event: 717.830 Thread 0x00000235f8016ac0 flushing  nmethod 0x00000235d8dafa10
Event: 717.830 Thread 0x00000235f8016ac0 flushing  nmethod 0x00000235d8db8d10
Event: 717.830 Thread 0x00000235f8016ac0 flushing  nmethod 0x00000235d8db9e10
Event: 717.830 Thread 0x00000235f8016ac0 flushing  nmethod 0x00000235d8f1cb10
Event: 717.830 Thread 0x00000235f8016ac0 flushing  nmethod 0x00000235d8f9b210
Event: 717.830 Thread 0x00000235f8016ac0 flushing  nmethod 0x00000235d90ee690
Event: 717.830 Thread 0x00000235f8016ac0 flushing  nmethod 0x00000235d90fa490
Event: 717.830 Thread 0x00000235f8016ac0 flushing  nmethod 0x00000235d9891090
Event: 717.830 Thread 0x00000235f8016ac0 flushing  nmethod 0x00000235d999f410
Event: 717.830 Thread 0x00000235f8016ac0 flushing  nmethod 0x00000235d99a4b10
Event: 717.830 Thread 0x00000235f8016ac0 flushing  nmethod 0x00000235d9da7990

Events (20 events):
Event: 1022.051 Thread 0x00000236987170f0 Thread added: 0x00000236e0055500
Event: 1022.051 Thread 0x0000023698716a60 Thread added: 0x000002369909aa70
Event: 1022.051 Thread 0x0000023699099030 Thread added: 0x00000236cb3af2d0
Event: 1026.059 Thread 0x00000236cb3af2d0 Thread exited: 0x00000236cb3af2d0
Event: 1030.063 Thread 0x0000023699099030 Thread exited: 0x0000023699099030
Event: 1034.072 Thread 0x00000236987170f0 Thread exited: 0x00000236987170f0
Event: 1038.074 Thread 0x00000236bb0072a0 Thread exited: 0x00000236bb0072a0
Event: 1042.084 Thread 0x00000236e0055500 Thread exited: 0x00000236e0055500
Event: 1046.099 Thread 0x000002369909aa70 Thread exited: 0x000002369909aa70
Event: 1050.103 Thread 0x0000023698716a60 Thread exited: 0x0000023698716a60
Event: 1054.104 Thread 0x00000236d7e5ec60 Thread exited: 0x00000236d7e5ec60
Event: 1058.110 Thread 0x00000236cd51a490 Thread exited: 0x00000236cd51a490
Event: 1062.116 Thread 0x00000236991904b0 Thread exited: 0x00000236991904b0
Event: 1066.124 Thread 0x000002369909a3e0 Thread exited: 0x000002369909a3e0
Event: 1070.124 Thread 0x00000236cd51bed0 Thread exited: 0x00000236cd51bed0
Event: 1074.135 Thread 0x00000236d7e60d30 Thread exited: 0x00000236d7e60d30
Event: 1078.140 Thread 0x0000023699098310 Thread exited: 0x0000023699098310
Event: 1087.799 Thread 0x00000236ac62bdb0 Thread exited: 0x00000236ac62bdb0
Event: 1157.283 Thread 0x00000236990da5a0 Thread added: 0x00000236cabfa830
Event: 1217.294 Thread 0x00000236e00575d0 Thread exited: 0x00000236e00575d0


Dynamic libraries:
0x00007ff685d70000 - 0x00007ff685ee3000 	E:\DevTool\JetBrains Rider 2025.3.2\bin\rider64.exe
0x00007ff995d70000 - 0x00007ff995f68000 	C:\WINDOWS\SYSTEM32\ntdll.dll
0x00007ff994cf0000 - 0x00007ff994db2000 	C:\WINDOWS\System32\KERNEL32.DLL
0x00007ff993a90000 - 0x00007ff993d86000 	C:\WINDOWS\System32\KERNELBASE.dll
0x00007ff994f10000 - 0x00007ff994fdd000 	C:\WINDOWS\System32\oleaut32.dll
0x00007ff993960000 - 0x00007ff9939fd000 	C:\WINDOWS\System32\msvcp_win.dll
0x00007ff9935b0000 - 0x00007ff9936b0000 	C:\WINDOWS\System32\ucrtbase.dll
0x00007ff995620000 - 0x00007ff995974000 	C:\WINDOWS\System32\combase.dll
0x00007ff9951c0000 - 0x00007ff9952e0000 	C:\WINDOWS\System32\RPCRT4.dll
0x00007ff995980000 - 0x00007ff995b21000 	C:\WINDOWS\System32\user32.dll
0x00007ff993400000 - 0x00007ff993422000 	C:\WINDOWS\System32\win32u.dll
0x00007ff994c00000 - 0x00007ff994c2b000 	C:\WINDOWS\System32\GDI32.dll
0x00007ff9936b0000 - 0x00007ff9937c9000 	C:\WINDOWS\System32\gdi32full.dll
0x00007ff993d90000 - 0x00007ff994500000 	C:\WINDOWS\System32\shell32.dll
0x00007ff995100000 - 0x00007ff9951b1000 	C:\WINDOWS\System32\advapi32.dll
0x00007ff995580000 - 0x00007ff99561e000 	C:\WINDOWS\System32\msvcrt.dll
0x00007ff994980000 - 0x00007ff994a1f000 	C:\WINDOWS\System32\sechost.dll
0x00007ff993930000 - 0x00007ff993957000 	C:\WINDOWS\System32\bcrypt.dll
0x00007ff993a00000 - 0x00007ff993a82000 	C:\WINDOWS\System32\bcryptprimitives.dll
0x00007ff9932b0000 - 0x00007ff9932de000 	C:\WINDOWS\SYSTEM32\userenv.dll
0x00007ff985d60000 - 0x00007ff985f61000 	C:\WINDOWS\SYSTEM32\dbghelp.dll
0x00007ff9866c0000 - 0x00007ff9866e7000 	C:\WINDOWS\SYSTEM32\WINMM.dll
0x00007ff9954f0000 - 0x00007ff99551f000 	C:\WINDOWS\System32\IMM32.DLL
0x00007ff991410000 - 0x00007ff991bb5000 	C:\WINDOWS\SYSTEM32\windows.storage.dll
0x00007ff992d70000 - 0x00007ff992d9b000 	C:\WINDOWS\SYSTEM32\Wldp.dll
0x00007ff994b50000 - 0x00007ff994bfd000 	C:\WINDOWS\System32\SHCORE.dll
0x00007ff994dc0000 - 0x00007ff994e1b000 	C:\WINDOWS\System32\shlwapi.dll
0x00007ff993330000 - 0x00007ff993354000 	C:\WINDOWS\SYSTEM32\profapi.dll
0x00007ff992610000 - 0x00007ff992643000 	C:\WINDOWS\SYSTEM32\ntmarta.dll
0x00007ff935550000 - 0x00007ff93631d000 	E:\DevTool\JetBrains Rider 2025.3.2\jbr\bin\server\jvm.dll
0x00007ff995b30000 - 0x00007ff995b9b000 	C:\WINDOWS\System32\WS2_32.dll
0x00007ff97e3c0000 - 0x00007ff97e3db000 	E:\DevTool\JetBrains Rider 2025.3.2\jbr\bin\VCRUNTIME140.dll
0x00007ff98dfe0000 - 0x00007ff98dfec000 	E:\DevTool\JetBrains Rider 2025.3.2\jbr\bin\VCRUNTIME140_1.dll
0x00007ff9928d0000 - 0x00007ff99291b000 	C:\WINDOWS\SYSTEM32\POWRPROF.dll
0x00007ff992f10000 - 0x00007ff992f1a000 	C:\WINDOWS\SYSTEM32\VERSION.dll
0x00007ff992780000 - 0x00007ff992792000 	C:\WINDOWS\SYSTEM32\UMPDC.dll
0x00007ff97ed80000 - 0x00007ff97ed8a000 	E:\DevTool\JetBrains Rider 2025.3.2\jbr\bin\jimage.dll
0x00007ff97c2f0000 - 0x00007ff97c324000 	C:\WINDOWS\SYSTEM32\dbgcore.DLL
0x00007ff97d900000 - 0x00007ff97d90e000 	E:\DevTool\JetBrains Rider 2025.3.2\jbr\bin\instrument.dll
0x00007ff96af70000 - 0x00007ff96af88000 	E:\DevTool\JetBrains Rider 2025.3.2\jbr\bin\jli.dll
0x00007ff96af50000 - 0x00007ff96af70000 	E:\DevTool\JetBrains Rider 2025.3.2\jbr\bin\java.dll
0x00007ff989de0000 - 0x00007ff989e90000 	C:\WINDOWS\WinSxS\amd64_microsoft.windows.common-controls_6595b64144ccf1df_5.82.19041.6280_none_792d7c952443c49a\COMCTL32.dll
0x00007ff96af30000 - 0x00007ff96af48000 	E:\DevTool\JetBrains Rider 2025.3.2\jbr\bin\zip.dll
0x00007ff991210000 - 0x00007ff991222000 	C:\WINDOWS\SYSTEM32\kernel.appcore.dll
0x00007ff97d8f0000 - 0x00007ff97d900000 	E:\DevTool\JetBrains Rider 2025.3.2\jbr\bin\net.dll
0x00007ff98d720000 - 0x00007ff98d82a000 	C:\WINDOWS\SYSTEM32\WINHTTP.dll
0x00007ff992ad0000 - 0x00007ff992b3a000 	C:\WINDOWS\system32\mswsock.dll
0x00007ff956e10000 - 0x00007ff956e26000 	E:\DevTool\JetBrains Rider 2025.3.2\jbr\bin\nio.dll
0x00007ff956e00000 - 0x00007ff956e09000 	E:\DevTool\JetBrains Rider 2025.3.2\jbr\bin\management.dll
0x00007ff956df0000 - 0x00007ff956dfb000 	E:\DevTool\JetBrains Rider 2025.3.2\jbr\bin\management_ext.dll
0x00007ff994cc0000 - 0x00007ff994cc8000 	C:\WINDOWS\System32\PSAPI.DLL
0x00007ff970eb0000 - 0x00007ff970ec7000 	C:\WINDOWS\system32\napinsp.dll
0x00007ff970e90000 - 0x00007ff970eab000 	C:\WINDOWS\system32\pnrpnsp.dll
0x00007ff970e70000 - 0x00007ff970e8d000 	C:\WINDOWS\system32\wshbth.dll
0x00007ff98ebd0000 - 0x00007ff98ebed000 	C:\WINDOWS\system32\NLAapi.dll
0x00007ff992f20000 - 0x00007ff992f5b000 	C:\WINDOWS\SYSTEM32\IPHLPAPI.DLL
0x00007ff9927a0000 - 0x00007ff99286a000 	C:\WINDOWS\SYSTEM32\DNSAPI.dll
0x00007ff994500000 - 0x00007ff994508000 	C:\WINDOWS\System32\NSI.dll
0x00007ff970d10000 - 0x00007ff970d22000 	C:\WINDOWS\System32\winrnr.dll
0x00007ff98b580000 - 0x00007ff98b58a000 	C:\Windows\System32\rasadhlp.dll
0x00007ff98c1c0000 - 0x00007ff98c240000 	C:\WINDOWS\System32\fwpuclnt.dll
0x00007ff956de0000 - 0x00007ff956df0000 	E:\DevTool\JetBrains Rider 2025.3.2\jbr\bin\verify.dll
0x00007ff956c40000 - 0x00007ff956dd8000 	E:\DevTool\JetBrains Rider 2025.3.2\jbr\bin\awt.dll
0x00007ff9354c0000 - 0x00007ff93554d000 	E:\DevTool\JetBrains Rider 2025.3.2\bin\MSVCP140.dll
0x00007ff935470000 - 0x00007ff9354b4000 	E:\DevTool\JetBrains Rider 2025.3.2\jbr\bin\nvdaControllerClient64.dll
0x00007ff985bd0000 - 0x00007ff985c36000 	C:\WINDOWS\SYSTEM32\OLEACC.dll
0x00007ff990f10000 - 0x00007ff990f3e000 	C:\WINDOWS\SYSTEM32\dwmapi.dll
0x00007ff990920000 - 0x00007ff9909b4000 	C:\WINDOWS\SYSTEM32\apphelp.dll
0x00007ff956c30000 - 0x00007ff956c39000 	E:\DevTool\JetBrains Rider 2025.3.2\jbr\bin\prefs.dll
0x00007ff956c20000 - 0x00007ff956c2e000 	E:\DevTool\JetBrains Rider 2025.3.2\jbr\bin\sunmscapi.dll
0x00007ff9937d0000 - 0x00007ff99392d000 	C:\WINDOWS\System32\CRYPT32.dll
0x00007ff992de0000 - 0x00007ff992e07000 	C:\WINDOWS\SYSTEM32\ncrypt.dll
0x00007ff992da0000 - 0x00007ff992ddb000 	C:\WINDOWS\SYSTEM32\NTASN1.dll
0x00007ff990d20000 - 0x00007ff990dbe000 	C:\WINDOWS\system32\uxtheme.dll
0x00007ff994fe0000 - 0x00007ff9950f5000 	C:\WINDOWS\System32\MSCTF.dll
0x00007ff995c00000 - 0x00007ff995d2b000 	C:\WINDOWS\System32\ole32.dll
0x00007ff9731c0000 - 0x00007ff9731c7000 	C:\WINDOWS\system32\wshunix.dll
0x00007ff9353e0000 - 0x00007ff935467000 	E:\DevTool\JetBrains Rider 2025.3.2\jbr\bin\freetype.dll
0x00007ff935210000 - 0x00007ff935304000 	E:\DevTool\JetBrains Rider 2025.3.2\jbr\bin\fontmanager.dll
0x00007ff956c10000 - 0x00007ff956c19000 	E:\DevTool\JetBrains Rider 2025.3.2\jbr\bin\extnet.dll
0x00007ff935390000 - 0x00007ff9353d9000 	E:\DevTool\JetBrains Rider 2025.3.2\lib\jna\amd64\jnidispatch.dll
0x00007ff98eb90000 - 0x00007ff98eba4000 	C:\WINDOWS\system32\Wtsapi32.dll
0x00007ff992160000 - 0x00007ff9921c3000 	C:\WINDOWS\SYSTEM32\WINSTA.dll
0x00007ff948830000 - 0x00007ff948958000 	C:\WINDOWS\system32\opengl32.dll
0x00007ff9660f0000 - 0x00007ff96611c000 	C:\WINDOWS\SYSTEM32\GLU32.dll
0x00007ff992cc0000 - 0x00007ff992cd8000 	C:\WINDOWS\SYSTEM32\CRYPTSP.dll
0x00007ff9923c0000 - 0x00007ff9923f8000 	C:\WINDOWS\system32\rsaenh.dll
0x00007ff992ce0000 - 0x00007ff992cec000 	C:\WINDOWS\SYSTEM32\CRYPTBASE.dll
0x00007ff92b890000 - 0x00007ff92b8c8000 	E:\DevTool\JetBrains Rider 2025.3.2\bin\WinShellIntegrationBridge.dll
0x00007ff994aa0000 - 0x00007ff994b49000 	C:\WINDOWS\System32\clbcatq.dll
0x00007ff96d320000 - 0x00007ff96d3b4000 	C:\Windows\System32\appresolver.dll
0x00007ff98abb0000 - 0x00007ff98ac0b000 	C:\Windows\System32\Bcp47Langs.dll
0x00007ff991e80000 - 0x00007ff991ea9000 	C:\Windows\System32\SLC.dll
0x00007ff991e50000 - 0x00007ff991e75000 	C:\Windows\System32\sppc.dll
0x00007ff98e730000 - 0x00007ff98e824000 	C:\WINDOWS\system32\propsys.dll
0x00007ff994a20000 - 0x00007ff994a99000 	C:\WINDOWS\System32\coml2.dll
0x00007ff9702f0000 - 0x00007ff97046e000 	C:\Windows\System32\TaskFlowDataEngine.dll
0x00007ff98ef00000 - 0x00007ff98f057000 	C:\WINDOWS\SYSTEM32\wintypes.dll
0x00007ff96cd50000 - 0x00007ff96d22b000 	C:\Windows\System32\cdp.dll
0x00007ff993560000 - 0x00007ff9935ae000 	C:\WINDOWS\System32\cfgmgr32.dll
0x00007ff98ebf0000 - 0x00007ff98ed31000 	C:\Windows\System32\dsreg.dll
0x00007ff992450000 - 0x00007ff9924da000 	C:\Windows\System32\msvcp110_win.dll
0x00007ff992f60000 - 0x00007ff992f72000 	C:\WINDOWS\SYSTEM32\MSASN1.dll
0x00007ff98d830000 - 0x00007ff98d83d000 	C:\WINDOWS\SYSTEM32\LINKINFO.dll
0x00007ff971870000 - 0x00007ff9718ed000 	C:\WINDOWS\SYSTEM32\ntshrui.dll
0x00007ff9932e0000 - 0x00007ff993312000 	C:\WINDOWS\SYSTEM32\SspiCli.dll
0x00007ff984890000 - 0x00007ff9848b8000 	C:\WINDOWS\SYSTEM32\srvcli.dll
0x00007ff978420000 - 0x00007ff978432000 	C:\WINDOWS\SYSTEM32\cscapi.dll
0x00007ff98e460000 - 0x00007ff98e501000 	C:\WINDOWS\SYSTEM32\policymanager.dll
0x00007ff991bd0000 - 0x00007ff991bf3000 	C:\WINDOWS\SYSTEM32\gpapi.dll
0x00007ff985720000 - 0x00007ff9858c8000 	C:\WINDOWS\WinSxS\amd64_microsoft.windows.gdiplus_6595b64144ccf1df_1.1.19041.6456_none_91a399b0cc88bc24\gdiplus.dll
0x00007ff985d40000 - 0x00007ff985d5f000 	C:\WINDOWS\SYSTEM32\amsi.dll
0x00007ff98cf60000 - 0x00007ff98cf77000 	C:\WINDOWS\SYSTEM32\dhcpcsvc6.DLL
0x00007ff98d840000 - 0x00007ff98d85d000 	C:\WINDOWS\SYSTEM32\dhcpcsvc.DLL
0x00007ff97f210000 - 0x00007ff97f309000 	C:\WINDOWS\SYSTEM32\textinputframework.dll
0x00007ff990260000 - 0x00007ff9905bb000 	C:\WINDOWS\System32\CoreUIComponents.dll
0x00007ff9905c0000 - 0x00007ff9906b2000 	C:\WINDOWS\System32\CoreMessaging.dll
0x00007ff97e920000 - 0x00007ff97ebbb000 	C:\WINDOWS\WinSxS\amd64_microsoft.windows.common-controls_6595b64144ccf1df_6.0.19041.6456_none_60b8a6cb71f64256\comctl32.dll
0x00007ff990b10000 - 0x00007ff990cc6000 	C:\WINDOWS\SYSTEM32\WindowsCodecs.dll
0x00007ff973c10000 - 0x00007ff973c4e000 	C:\WINDOWS\system32\dataexchange.dll
0x00007ff98fa80000 - 0x00007ff98fce4000 	C:\WINDOWS\system32\d3d11.dll
0x00007ff98fcf0000 - 0x00007ff98fed4000 	C:\WINDOWS\system32\dcomp.dll
0x00007ff991c00000 - 0x00007ff991cf6000 	C:\WINDOWS\system32\dxgi.dll
0x00007ff98d1b0000 - 0x00007ff98d3b3000 	C:\WINDOWS\system32\twinapi.appcore.dll
0x00007ff971aa0000 - 0x00007ff971cf8000 	C:\WINDOWS\system32\explorerframe.dll
0x00007ff98f4c0000 - 0x00007ff98fa80000 	C:\WINDOWS\system32\d2d1.dll
0x00007ff943600000 - 0x00007ff94361d000 	E:\DevTool\JetBrains Rider 2025.3.2\lib\pty4j\win\x86-64\conpty.dll
0x00007ff9727d0000 - 0x00007ff972821000 	C:\WINDOWS\SYSTEM32\pdh.dll

JVMTI agents:
G:\BaiduNetdiskDownload\JetBrains-2025-po-jie-bao\jetbra\ja-netfilter.jar path:E:\DevTool\JetBrains Rider 2025.3.2\jbr\bin\instrument.dll, loaded, initialized, instrumentlib options:jetbrains

dbghelp: loaded successfully - version: 4.0.5 - missing functions: none
symbol engine: initialized successfully - sym options: 0x614 - pdb path: .;E:\DevTool\JetBrains Rider 2025.3.2\bin;C:\WINDOWS\SYSTEM32;E:\DevTool\JetBrains Rider 2025.3.2\jbr\bin\server;E:\DevTool\JetBrains Rider 2025.3.2\jbr\bin;C:\WINDOWS\WinSxS\amd64_microsoft.windows.common-controls_6595b64144ccf1df_5.82.19041.6280_none_792d7c952443c49a;E:\DevTool\JetBrains Rider 2025.3.2\lib\jna\amd64;C:\WINDOWS\WinSxS\amd64_microsoft.windows.gdiplus_6595b64144ccf1df_1.1.19041.6456_none_91a399b0cc88bc24;C:\WINDOWS\WinSxS\amd64_microsoft.windows.common-controls_6595b64144ccf1df_6.0.19041.6456_none_60b8a6cb71f64256;E:\DevTool\JetBrains Rider 2025.3.2\lib\pty4j\win\x86-64

VM Arguments:
jvm_args: abort vfprintf -XX:ErrorFile=C:\Users\Administrator\java_error_in_rider_%p.log -XX:HeapDumpPath=C:\Users\Administrator\java_error_in_rider.hprof -Xms128m -Xmx2048m -XX:JbrShrinkingGcMaxHeapFreeRatio=40 -XX:ReservedCodeCacheSize=512m -XX:+HeapDumpOnOutOfMemoryError -XX:-OmitStackTraceInFastThrow -XX:CICompilerCount=2 -XX:+IgnoreUnrecognizedVMOptions -XX:+UnlockDiagnosticVMOptions -XX:TieredOldPercentage=100000 -ea -Dsun.io.useCanonCaches=false -Dsun.java2d.metal=true -Djbr.catch.SIGABRT=true -Djdk.http.auth.tunneling.disabledSchemes="" -Djdk.attach.allowAttachSelf=true -Djdk.module.illegalAccess.silent=true -Djdk.nio.maxCachedBufferSize=2097152 -Djava.util.zip.use.nio.for.zip.file.access=true -Dkotlinx.coroutines.debug=off -Djava.nio.file.spi.DefaultFileSystemProvider=com.intellij.platform.core.nio.fs.MultiRoutingFileSystemProvider -Dllm.show.ai.promotion.window.on.start=false -Xms128m -Xmx1024m -XX:ReservedCodeCacheSize=512m -XX:+IgnoreUnrecognizedVMOptions -XX:+UseG1GC -XX:SoftRefLRUPolicyMSPerMB=50 -XX:CICompilerCount=2 -XX:+HeapDumpOnOutOfMemoryError -XX:-OmitStackTraceInFastThrow -ea -Dsun.io.useCanonCaches=false -Djdk.http.auth.tunneling.disabledSchemes="" -Djdk.attach.allowAttachSelf=true -Djdk.module.illegalAccess.silent=true -Dkotlinx.coroutines.debug=off -XX:ErrorFile=$USER_HOME/java_error_in_idea_%p.log -XX:HeapDumpPath=$USER_HOME/java_error_in_idea.hprof --add-opens=java.base/jdk.internal.org.objectweb.asm=ALL-UNNAMED --add-opens=java.base/jdk.internal.org.objectweb.asm.tree=ALL-UNNAMED -javaagent:G:\BaiduNetdiskDownload\JetBrains-2025-po-jie-bao\jetbra\ja-netfilter.jar=jetbrains -Djb.vmOptionsFile=G:\BaiduNetdiskDownload\JetBrains-2025-po-jie-bao\jetbra\vmoptions\rider.vmoptions -Xbootclasspath/a:E:\DevTool\JetBrains Rider 2025.3.2\lib\nio-fs.jar -Djava.system.class.loader=com.intellij.util.lang.PathClassLoader -Didea.vendor.name=JetBrains -Didea.paths.selector=Rider2025.3 -Djna.boot.library.path=E:\DevTool\JetBrains Rider 2025.3.2/lib/jna/amd64 -Djna.nosys=true -Djna.noclasspath=true -Dpty4j.preferred.native.folder=E:\DevTool\JetBrains Rider 2025.3.2/lib/pty4j -Dio.netty.allocator.type=pooled -Dskiko.library.path=E:\DevTool\JetBrains Rider 2025.3.2/lib/skiko-awt-runtime-all -Dintellij.platform.runtime.repository.path=E:\DevTool\JetBrains Rider 2025.3.2/modules/module-descriptors.dat -Didea.platform.prefix=Rider -Dwsl.use.remote.agent.for.nio.filesystem=true -Djava.nio.file.spi.DefaultFileSystemProvider=com.intellij.platform.core.nio.fs.MultiRoutingFileSystemProvider -Didea.class.before.app=com.jetbrains.rider.protocol.EarlyBackendStarter -Didea.show.customize.ide.wizard=true -DFilePageCache.THROW_ERROR_ON_DUPLICATE_STORAGE_REGISTRATION=false -Dsplash=true -Daether.connector.resumeDownloads=false -Dcompose.swing.render.on.graphics=true --add-opens=java.base/java.io=ALL-UNNAMED --add-opens=java.base/java.lang=ALL-UNNAMED --add-opens=java.base/java.lang.ref=ALL-UNNAMED --add-opens=java.base/java.lang.reflect=ALL-UNNAMED --add-opens=java.base/java.net=ALL-UNNAMED --add-opens=java.base/java.nio=ALL-UNNAMED --add-opens=java.base/java.nio.charset=ALL-UNNAMED --add-opens=java.base/java.text=ALL-UNNAMED --add-opens=java.base/java.time=ALL-UNNAMED --add-opens=java.base/java.util=ALL-UNNAMED --add-opens=java.base/java.util.concurrent=ALL-UNNAMED --add-opens=java.base/java.util.concurrent.atomic=ALL-UNNAMED --add-opens=java.base/java.util.concurrent.locks=ALL-UNNAMED --add-opens=java.base/jdk.internal.ref=ALL-UNNAMED --add-opens=java.base/jdk.internal.vm=ALL-UNNAMED --add-opens=java.base/sun.net.dns=ALL-UNNAMED --add-opens=java.base/sun.nio=ALL-UNNAMED --add-opens=java.base/sun.nio.ch=ALL-UNNAMED --add-opens=java.base/sun.nio.fs=ALL-UNNAMED --add-opens=java.base/sun.security.ssl=ALL-UNNAMED --add-opens=java.base/sun.security.util=ALL-UNNAMED --add-opens=java.desktop/com.sun.java.swing=ALL-UNNAMED --add-opens=java.desktop/java.awt=ALL-UNNAMED --add-opens=java.desktop/java.awt.dnd.peer=ALL-UNNAMED --add-opens=java.desktop/java.awt.event=ALL-UNNAMED --add-opens=java.desktop/java.awt.font=ALL-UNNAMED --add-opens=java.desktop/java.awt.image=ALL-UNNAMED --add-opens=java.desktop/java.awt.peer=ALL-UNNAMED --add-opens=java.desktop/javax.swing=ALL-UNNAMED --add-opens=java.desktop/javax.swing.plaf.basic=ALL-UNNAMED --add-opens=java.desktop/javax.swing.text=ALL-UNNAMED --add-opens=java.desktop/javax.swing.text.html=ALL-UNNAMED --add-opens=java.desktop/javax.swing.text.html.parser=ALL-UNNAMED --add-opens=java.desktop/sun.awt=ALL-UNNAMED --add-opens=java.desktop/sun.awt.datatransfer=ALL-UNNAMED --add-opens=java.desktop/sun.awt.image=ALL-UNNAMED --add-opens=java.desktop/sun.awt.windows=ALL-UNNAMED --add-opens=java.desktop/sun.font=ALL-UNNAMED --add-opens=java.desktop/sun.java2d=ALL-UNNAMED --add-opens=java.desktop/sun.swing=ALL-UNNAMED --add-opens=java.management/sun.management=ALL-UNNAMED --add-opens=jdk.attach/sun.tools.attach=ALL-UNNAMED --add-opens=jdk.compiler/com.sun.tools.javac.api=ALL-UNNAMED --add-opens=jdk.internal.jvmstat/sun.jvmstat.monitor=ALL-UNNAMED --add-opens=jdk.jdi/com.sun.tools.jdi=ALL-UNNAMED -Dide.native.launcher=true -Djcef.sandbox.ptr=00000235CD6FDB10 -Djcef.sandbox.cefVersion=122.1.9+gd14e051+chromium-122.0.6261.94 
java_command: com.intellij.idea.Main E:\Projects\Unity\ProjectTinyRpg\ProjectTinyRpg.sln --line -1 --column -1 E:\Projects\Unity\ProjectTinyRpg\Assets\Scripts\Game\Modules\Ability\Ability.cs
java_class_path (initial): E:\DevTool\JetBrains Rider 2025.3.2\lib\platform-loader.jar;E:\DevTool\JetBrains Rider 2025.3.2\lib\util-8.jar;E:\DevTool\JetBrains Rider 2025.3.2\lib\app.jar;E:\DevTool\JetBrains Rider 2025.3.2\lib\util.jar;E:\DevTool\JetBrains Rider 2025.3.2\lib\product-backend.jar;E:\DevTool\JetBrains Rider 2025.3.2\lib\app-backend.jar;E:\DevTool\JetBrains Rider 2025.3.2\lib\annotations.jar;E:\DevTool\JetBrains Rider 2025.3.2\lib\eclipse.lsp4j.debug.jar;E:\DevTool\JetBrains Rider 2025.3.2\lib\eclipse.lsp4j.jar;E:\DevTool\JetBrains Rider 2025.3.2\lib\eclipse.lsp4j.jsonrpc.debug.jar;E:\DevTool\JetBrains Rider 2025.3.2\lib\eclipse.lsp4j.jsonrpc.jar;E:\DevTool\JetBrains Rider 2025.3.2\lib\external-system-rt.jar;E:\DevTool\JetBrains Rider 2025.3.2\lib\externalProcess-rt.jar;E:\DevTool\JetBrains Rider 2025.3.2\lib\forms_rt.jar;E:\DevTool\JetBrains Rider 2025.3.2\lib\groovy.jar;E:\DevTool\JetBrains Rider 2025.3.2\lib\javax.activation.jar;E:\DevTool\JetBrains Rider 2025.3.2\lib\javax.annotation-api.jar;E:\DevTool\JetBrains Rider 2025.3.2\lib\jaxb-api.jar;E:\DevTool\JetBrains Rider 2025.3.2\lib\jaxb-runtime.jar;E:\DevTool\JetBrains Rider 2025.3.2\lib\jps-model.jar;E:\DevTool\JetBrains Rider 2025.3.2\lib\jsch-agent.jar;E:\DevTool\JetBrains Rider 2025.3.2\lib\lib-backend.jar;E:\DevTool\JetBrains Rider 2025.3.2\lib\lib.jar;E:\DevTool\JetBrains Rider 2025.3.2\lib\module-intellij.libraries.aalto.xml.jar;E:\DevTool\JetBrains Rider 2025.3.2\lib\module-intellij.libraries.asm.jar;E:\DevTool\JetBrains Rider 2025.3.2\lib\module-intellij.libraries.asm.tools.jar;E:\DevTool\JetBrains Rider 2025.3.2\lib\module-intellij.libraries.automaton.jar;E:\DevTool\JetBrains Rider 2025.3.2\lib\module-intellij.libraries.blockmap.jar;E:\DevTool\JetBrains Rider 2025.3.2\lib\module-intellij.libraries.bouncy.castle.pgp.jar;E:\DevTool\JetBrains Rider 2025.3.2\lib\module-intellij.libraries.bouncy.castle.provider.jar;E:\DevTool\JetBrains Rider 2025.3.2\lib\module-intellij.libraries.caffeine.jar;E:\DevTool\JetBrains Rider 2025.3.2\lib\module-intellij.libraries.cglib.jar;E:\DevTool\JetBrains Rider 2025.3.2\lib\module-intellij.libraries.classgraph.jar;E:\DevTool\JetBrains Rider 2025.3.2\lib\module-intellij.libraries.cli.parser.jar;E:\DevTool\JetBrains Rider 2025.3.2\lib\module-intellij.libraries.commons.cli.jar;E:\DevTool\JetBrains Rider 2025.3.2\lib\module-intellij.libraries.commons.codec.jar;E:\DevTool\JetBrains Rider 2025.3.2\lib\module-intellij.libraries.commons.compress.jar;E:\DevTool\JetBrains Rider 2025.3.2\lib\module-intellij.libraries.commons.imaging.jar;E:\DevTool\JetBrains Rider 2025.3.2\lib\module-intellij.libraries.commons.io.jar;E:\DevTool\JetBrains Rider 2025.3.2\lib\module-intellij.libraries.commons.lang3.jar;E:\DevTool\JetBrains Rider 2025.3.2\lib\module-intellij.libraries.commons.logging.jar;E:\DevTool\JetBrains Rider 2025.3.2\lib\module-intellij.libraries.fastutil.jar;E:\DevTool\JetBrains Rider 2025.3.2\lib\module-intellij.libraries.gson.jar;E:\DevTool\JetBrains Rider 2025.3.2\lib\module-intellij.libraries.guava.jar;E:\DevTool\JetBrains Rider 2025.3.2\lib\module-intellij.libraries.hash4j.jar;E:\DevTool\JetBrains Rider 2025.3.2\lib\module-intellij.libraries.hdr.histogram.jar;E:\DevTool\JetBrains Rider 2025.3.2\lib\module-intellij.libraries.http.client.jar;E:\DevTool\JetBrains Rider 2025.3.2\lib\module-intellij.libraries.icu4j.jar;E:\DevTool\JetBrains Rider 2025.3.2\lib\module-intellij.libraries.imgscalr.jar;E:\DevTool\JetBrains Rider 2025.3.2\lib\module-intellij.libraries.ini4j.jar;E:\DevTool\JetBrains Rider 2025.3.2\lib\module-intellij.libraries.ion.jar;E:\DevTool\JetBrains Rider 2025.3.2\lib\module-intellij.libraries.jackson.databind.jar;E:\DevTool\JetBrains Rider 2025.3.2\lib\module-intellij.libraries.jackson.dataformat.yaml.jar;E:\DevTool\JetBrains Rider 2025.3.2\lib\module-intellij.libraries.jackson.jar;E:\DevTool\JetBrains Rider 2025.3.2\lib\module-intellij.libraries.jackson.jr.objects.jar;E:\DevTool\JetBrains Rider 2025.3.2\lib\module-intellij.libraries.jackson.module.kotlin.jar;E:\DevTool\JetBrains Rider 2025.3.2\lib\module-intellij.libraries.java.websocket.jar;E:\DevTool\JetBrains Rider 2025.3.2\lib\module-intellij.libraries.javax.annotation.jar;E:\DevTool\JetBrains Rider 2025.3.2\lib\module-intellij.libraries.jaxen.jar;E:\DevTool\JetBrains Rider 2025.3.2\lib\module-intellij.libraries.jbr.jar;E:\DevTool\JetBrains Rider 2025.3.2\lib\module-intellij.libraries.jcef.jar;E:\DevTool\JetBrains Rider 2025.3.2\lib\module-intellij.libraries.jcip.jar;E:\DevTool\JetBrains Rider 2025.3.2\lib\module-intellij.libraries.jediterm.core.jar;E:\DevTool\JetBrains Rider 2025.3.2\lib\module-intellij.libraries.jediterm.ui.jar;E:\DevTool\JetBrains Rider 2025.3.2\lib\module-intellij.libraries.jettison.jar;E:\DevTool\JetBrains Rider 2025.3.2\lib\module-intellij.libraries.jsonpath.jar;E:\DevTool\JetBrains Rider 2025.3.2\lib\module-intellij.libraries.jsoup.jar;E:\DevTool\JetBrains Rider 2025.3.2\lib\module-intellij.libraries.jsvg.jar;E:\DevTool\JetBrains Rider 2025.3.2\lib\module-intellij.libraries.jvm.native.trusted.roots.jar;E:\DevTool\JetBrains Rider 2025.3.2\lib\module-intellij.libraries.jzlib.jar;E:\DevTool\JetBrains Rider 2025.3.2\lib\module-intellij.libraries.kotlin.reflect.jar;E:\DevTool\JetBrains Rider 2025.3.2\lib\module-intellij.libraries.kotlinx.collections.immutable.jar;E:\DevTool\JetBrains Rider 2025.3.2\lib\module-intellij.libraries.kotlinx.coroutines.slf4j.jar;E:\DevTool\JetBrains Rider 2025.3.2\lib\module-intellij.libraries.kotlinx.datetime.jar;E:\DevTool\JetBrains Rider 2025.3.2\lib\module-intellij.libraries.kotlinx.html.jar;E:\DevTool\JetBrains Rider 2025.3.2\lib\module-intellij.libraries.kotlinx.io.jar;E:\DevTool\JetBrains Rider 2025.3.2\lib\module-intellij.libraries.kotlinx.serialization.core.jar;E:\DevTool\JetBrains Rider 2025.3.2\lib\module-intellij.libraries.kotlinx.serialization.json.jar;E:\DevTool\JetBrains Rider 2025.3.2\lib\module-intellij.libraries.kotlinx.serialization.protobuf.jar;E:\DevTool\JetBrains Rider 2025.3.2\lib\module-intellij.libraries.kryo5.jar;E:\DevTool\JetBrains Rider 2025.3.2\lib\module-intellij.libraries.ktor.client.cio.jar;E:\DevTool\JetBrains Rider 2025.3.2\lib\module-intellij.libraries.ktor.client.jar;E:\DevTool\JetBrains Rider 2025.3.2\lib\module-intellij.libraries.ktor.io.jar;E:\DevTool\JetBrains Rider 2025.3.2\lib\module-intellij.libraries.ktor.network.tls.jar;E:\DevTool\JetBrains Rider 2025.3.2\lib\module-intellij.libraries.ktor.utils.jar;E:\DevTool\JetBrains Rider 2025.3.2\lib\module-intellij.libraries.lz4.jar;E:\DevTool\JetBrains Rider 2025.3.2\lib\module-intellij.libraries.markdown.jar;E:\DevTool\JetBrains Rider 2025.3.2\lib\module-intellij.libraries.miglayout.swing.jar;E:\DevTool\JetBrains Rider 2025.3.2\lib\module-intellij.libraries.mvstore.jar;E:\DevTool\JetBrains Rider 2025.3.2\lib\module-intellij.libraries.oro.matcher.jar;E:\DevTool\JetBrains Rider 2025.3.2\lib\module-intellij.libraries.proxy.vole.jar;E:\DevTool\JetBrains Rider 2025.3.2\lib\module-intellij.libraries.pty4j.jar;E:\DevTool\JetBrains Rider 2025.3.2\lib\module-intellij.libraries.rd.text.jar;E:\DevTool\JetBrains Rider 2025.3.2\lib\module-intellij.libraries.rhino.jar;E:\DevTool\JetBrains Rider 2025.3.2\lib\module-intellij.libraries.snakeyaml.engine.jar;E:\DevTool\JetBrains Rider 2025.3.2\lib\module-intellij.libraries.snakeyaml.jar;E:\DevTool\JetBrains Rider 2025.3.2\lib\module-intellij.libraries.sshj.jar;E:\DevTool\JetBrains Rider 2025.3.2\lib\module-intellij.libraries.stream.jar;E:\DevTool\JetBrains Rider 2025.3.2\lib\module-intellij.libraries.velocity.jar;E:\DevTool\JetBrains Rider 2025.3.2\lib\module-intellij.libraries.winp.jar;E:\DevTool\JetBrains Rider 2025.3.2\lib\module-intellij.libraries.xerces.jar;E:\DevTool\JetBrains Rider 2025.3.2\lib\module-intellij.libraries.xstream.jar;E:\DevTool\JetBrains Rider 2025.3.2\lib\module-intellij.libraries.xtext.xbase.jar;E:\DevTool\JetBrains Rider 2025.3.2\lib\module-intellij.libraries.xz.jar;E:\DevTool\JetBrains Rider 2025.3.2\lib\module-intellij.platform.debugger.impl.rpc.jar;E:\DevTool\JetBrains Rider 2025.3.2\lib\module-intellij.platform.debugger.impl.shared.jar;E:\DevTool\JetBrains Rider 2025.3.2\lib\module-intellij.platform.eel.impl.jar;E:\DevTool\JetBrains Rider 2025.3.2\lib\module-intellij.platform.find.jar;E:\DevTool\JetBrains Rider 2025.3.2\lib\module-intellij.platform.managed.cache.jar;E:\DevTool\JetBrains Rider 2025.3.2\lib\module-intellij.platform.polySymbols.backend.jar;E:\DevTool\JetBrains Rider 2025.3.2\lib\module-intellij.platform.polySymbols.jar;E:\DevTool\JetBrains Rider 2025.3.2\lib\module-intellij.platform.rpc.topics.jar;E:\DevTool\JetBrains Rider 2025.3.2\lib\module-intellij.platform.scopes.jar;E:\DevTool\JetBrains Rider 2025.3.2\lib\module-intellij.platform.vcs.core.jar;E:\DevTool\JetBrains Rider 2025.3.2\lib\module-intellij.platform.vcs.jar;E:\DevTool\JetBrains Rider 2025.3.2\lib\module-intellij.platform.vcs.shared.jar;E:\DevTool\JetBrains Rider 2025.3.2\lib\module-intellij.regexp.jar;E:\DevTool\JetBrains Rider 2025.3.2\lib\module-intellij.rider.icons.jar;E:\DevTool\JetBrains Rider 2025.3.2\lib\module-intellij.xml.analysis.impl.jar;E:\DevTool\JetBrains Rider 2025.3.2\lib\module-intellij.xml.analysis.jar;E:\DevTool\JetBrains Rider 2025.3.2\lib\module-intellij.xml.dom.impl.jar;E:\DevTool\JetBrains Rider 2025.3.2\lib\module-intellij.xml.dom.jar;E:\DevTool\JetBrains Rider 2025.3.2\lib\module-intellij.xml.impl.jar;E:\DevTool\JetBrains Rider 2025.3.2\lib\module-intellij.xml.parser.jar;E:\DevTool\JetBrains Rider 2025.3.2\lib\module-intellij.xml.psi.impl.jar;E:\DevTool\JetBrains Rider 2025.3.2\lib\module-intellij.xml.psi.jar;E:\DevTool\JetBrains Rider 2025.3.2\lib\module-intellij.xml.structureView.impl.jar;E:\DevTool\JetBrains Rider 2025.3.2\lib\module-intellij.xml.structureView.jar;E:\DevTool\JetBrains Rider 2025.3.2\lib\module-intellij.xml.syntax.jar;E:\DevTool\JetBrains Rider 2025.3.2\lib\module-intellij.xml.ui.common.jar;E:\DevTool\JetBrains Rider 2025.3.2\lib\opentelemetry.jar;E:\DevTool\JetBrains Rider 2025.3.2\lib\product.jar;E:\DevTool\JetBrains Rider 2025.3.2\lib\protobuf.jar;E:\DevTool\JetBrains Rider 2025.3.2\lib\rd.jar;E:\DevTool\JetBrains Rider 2025.3.2\lib\rhino.jar;E:\DevTool\JetBrains Rider 2025.3.2\lib\stats.jar;E:\DevTool\JetBrains Rider 2025.3.2\lib\trove.jar;E:\DevTool\JetBrains Rider 2025.3.2\lib\util_rt.jar
Launcher Type: generic

[Global flags]
     intx CICompilerCount                          = 2                                         {product} {command line}
     uint ConcGCThreads                            = 3                                         {product} {ergonomic}
    ccstr ErrorFile                                = $USER_HOME/java_error_in_idea_%p.log            {product} {command line}
     uint G1ConcRefinementThreads                  = 13                                        {product} {ergonomic}
   size_t G1HeapRegionSize                         = 1048576                                   {product} {ergonomic}
    uintx GCDrainStackTargetSize                   = 64                                        {product} {ergonomic}
     bool HeapDumpOnOutOfMemoryError               = true                                   {manageable} {command line}
    ccstr HeapDumpPath                             = $USER_HOME/java_error_in_idea.hprof         {manageable} {command line}
     bool IgnoreUnrecognizedVMOptions              = true                                      {product} {command line}
   size_t InitialHeapSize                          = 134217728                                 {product} {command line}
    uintx JbrShrinkingGcMaxHeapFreeRatio           = 40                                     {manageable} {command line}
   size_t MarkStackSize                            = 4194304                                   {product} {ergonomic}
   size_t MaxHeapSize                              = 1073741824                                {product} {command line}
   size_t MaxNewSize                               = 643825664                                 {product} {ergonomic}
   size_t MinHeapDeltaBytes                        = 1048576                                   {product} {ergonomic}
   size_t MinHeapSize                              = 134217728                                 {product} {command line}
    uintx NonNMethodCodeHeapSize                   = 5826188                                {pd product} {ergonomic}
    uintx NonProfiledCodeHeapSize                  = 265522362                              {pd product} {ergonomic}
     bool OmitStackTraceInFastThrow                = false                                     {product} {command line}
    uintx ProfiledCodeHeapSize                     = 265522362                              {pd product} {ergonomic}
    uintx ReservedCodeCacheSize                    = 536870912                              {pd product} {command line}
     bool SegmentedCodeCache                       = true                                      {product} {ergonomic}
   size_t SoftMaxHeapSize                          = 1073741824                             {manageable} {ergonomic}
     intx SoftRefLRUPolicyMSPerMB                  = 50                                        {product} {command line}
     intx TieredOldPercentage                      = 100000                                 {diagnostic} {command line}
     bool UnlockDiagnosticVMOptions                = true                                   {diagnostic} {command line}
     bool UseCompressedOops                        = true                           {product lp64_product} {ergonomic}
     bool UseG1GC                                  = true                                      {product} {command line}
     bool UseLargePagesIndividualAllocation        = false                                  {pd product} {ergonomic}

Logging:
Log output configuration:
 #0: stdout all=warning uptime,level,tags foldmultilines=false
 #1: stderr all=off uptime,level,tags foldmultilines=false

Release file:
JAVA_VERSION="21.0.9" 
MODULES="java.base java.datatransfer java.xml java.prefs java.desktop gluegen.rt java.compiler java.instrument java.logging java.management java.security.sasl java.naming java.rmi java.management.rmi java.net.http java.scripting java.security.jgss java.transaction.xa java.sql java.sql.rowset java.xml.crypto java.se java.smartcardio jogl.all jcef jdk.accessibility jdk.internal.jvmstat jdk.attach jdk.charsets jdk.internal.opt jdk.zipfs jdk.compiler jdk.crypto.ec jdk.crypto.cryptoki jdk.crypto.mscapi jdk.dynalink jdk.hotspot.agent jdk.httpserver jdk.internal.ed jdk.internal.le jdk.internal.vm.ci jdk.javadoc jdk.jcmd jdk.jdwp.agent jdk.jdi jdk.jfr jdk.jsobject jdk.localedata jdk.management jdk.management.agent jdk.management.jfr jdk.naming.dns jdk.naming.rmi jdk.net jdk.sctp jdk.security.auth jdk.security.jgss jdk.unsupported jdk.unsupported.desktop jdk.xml.dom" 
IMPLEMENTOR="JetBrains s.r.o." 
IMPLEMENTOR_VERSION="JBR-21.0.9+1-1163.94-jcef" 
JAVA_RUNTIME_VERSION="21.0.9+1-b1163.94" 
LIBC="default" 
OS_ARCH="x86_64" 
OS_NAME="Windows" 
SOURCE=".:git:5d82c7fa6abe+ jcef_git:git:4a605f44671a" 
JCEF_VERSION="137.0.17.1087+g722a58e" 
JCEF_COMMIT_HASH="722a58ea148c6577a6b7e379036edec01083f004" 

Environment Variables:
PATH=C:\WINDOWS\system32;C:\WINDOWS;C:\WINDOWS\System32\Wbem;C:\WINDOWS\System32\WindowsPowerShell\v1.0\;C:\WINDOWS\System32\OpenSSH\;C:\Program Files\dotnet\;C:\Program Files (x86)\NVIDIA Corporation\PhysX\Common;C:\Program Files\NVIDIA Corporation\NVIDIA NvDLISR;C:\Program Files\Git\cmd;C:\Program Files (x86)\PuTTY\;C:\Program Files\Common Files\Autodesk Shared\;C:\Program Files (x86)\Autodesk\Backburner\;C:\Program Files\Microsoft SQL Server\120\Tools\Binn\;G:\Tools\微信web开发者工具\dll;C:\Program Files\nodejs\;C:\Users\Administrator\AppData\Local\Microsoft\WindowsApps;C:\Users\Administrator\.dotnet\tools;G:\Tools\AI;C:\Users\Administrator\AppData\Roaming\npm;G:\Tools\Microsoft VS Code\bin;C:\Users\Administrator\.dotnet\tools
USERNAME=Administrator
OS=Windows_NT
PROCESSOR_IDENTIFIER=AMD64 Family 25 Model 33 Stepping 0, AuthenticAMD
TMP=C:\Users\ADMINI~1\AppData\Local\Temp
TEMP=C:\Users\ADMINI~1\AppData\Local\Temp




Periodic native trim disabled

JNI global refs:
JNI global refs: 157, weak refs: 126

JNI global refs memory usage: 2099, weak refs: 5073

Process memory usage:
Resident Set Size: 2909468K (8% of 33478752K total physical memory with 10353496K free physical memory)

OOME stack traces (most recent first):
Classloader memory used:
Loader com.intellij.util.lang.PathClassLoader                                          : 257M
Loader com.intellij.ide.plugins.cl.PluginClassLoader                                   : 108M
Loader bootstrap                                                                       : 51337K
Loader jdk.internal.loader.ClassLoaders$PlatformClassLoader                            : 2440K
Loader jdk.internal.loader.ClassLoaders$AppClassLoader                                 : 781K
Loader sun.reflect.misc.MethodUtil                                                     : 4248B

Classes loaded by more than one classloader:
Class com.intellij.ultimate.PluginVerifier                                            : loaded 4 times (x 71B)
Class kotlin.collections.CollectionsKt__CollectionsKt                                 : loaded 2 times (x 71B)
Class kotlin.collections.CollectionsKt__IteratorsJVMKt                                : loaded 2 times (x 71B)
Class kotlin.collections.CollectionsKt__MutableCollectionsKt                          : loaded 2 times (x 71B)
Class kotlin.collections.EmptyList                                                    : loaded 2 times (x 174B)
Class kotlin.ResultKt                                                                 : loaded 2 times (x 71B)
Class kotlin.collections.CollectionsKt__ReversedViewsKt                               : loaded 2 times (x 71B)
Class kotlin.NotImplementedError                                                      : loaded 2 times (x 82B)
Class kotlin.UninitializedPropertyAccessException                                     : loaded 2 times (x 82B)
Class kotlin.coroutines.intrinsics.IntrinsicsKt__IntrinsicsKt                         : loaded 2 times (x 71B)
Class kotlin.collections.CollectionsKt__CollectionsJVMKt                              : loaded 2 times (x 71B)
Class kotlin.collections.CollectionsKt__IteratorsKt                                   : loaded 2 times (x 71B)
Class kotlin.collections.EmptyIterator                                                : loaded 2 times (x 89B)
Class kotlin.collections.CollectionsKt___CollectionsJvmKt                             : loaded 2 times (x 71B)
Class kotlin.TuplesKt                                                                 : loaded 2 times (x 71B)
Class kotlin.collections.CollectionsKt___CollectionsKt                                : loaded 2 times (x 71B)
Class kotlin.collections.CollectionsKt__MutableCollectionsJVMKt                       : loaded 2 times (x 71B)
Class kotlin.coroutines.intrinsics.IntrinsicsKt                                       : loaded 2 times (x 71B)
Class kotlin.jvm.internal.Intrinsics                                                  : loaded 2 times (x 71B)
Class kotlin.collections.CollectionsKt__IterablesKt                                   : loaded 2 times (x 71B)
Class kotlin.KotlinNullPointerException                                               : loaded 2 times (x 83B)
Class kotlin.jvm.internal.markers.KMappedMarker                                       : loaded 2 times (x 70B)
Class kotlin.coroutines.intrinsics.IntrinsicsKt__IntrinsicsJvmKt                      : loaded 2 times (x 71B)
Class kotlin.collections.CollectionsKt                                                : loaded 2 times (x 71B)

---------------  S Y S T E M  ---------------

OS:
 Windows 10 , 64 bit Build 19041 (10.0.19041.5915)
OS uptime: 64 days 19:06 hours

CPU: total 16 (initial active 16) (16 cores per cpu, 2 threads per core) family 25 model 33 stepping 0 microcode 0x0, cx8, cmov, fxsr, ht, mmx, 3dnowpref, sse, sse2, sse3, ssse3, sse4a, sse4.1, sse4.2, popcnt, lzcnt, tsc, tscinvbit, avx, avx2, aes, erms, clmul, bmi1, bmi2, adx, sha, fma, vzeroupper, clflush, clflushopt, rdtscp, rdpid, fsrm, f16c, pku, cet_ss
Processor Information for the first 16 processors :
  Max Mhz: 3801, Current Mhz: 3801, Mhz Limit: 3801

Memory: 4k page, system-wide physical 32694M (10111M free)
TotalPageFile size 38922M (AvailPageFile size 11692M)
current process WorkingSet (physical memory assigned to process): 2841M, peak: 2844M
current process commit charge ("private bytes"): 2387M, peak: 2511M

vm_info: OpenJDK 64-Bit Server VM (21.0.9+1-b1163.94) for windows-amd64 JRE (21.0.9+1-b1163.94), built on 2026-01-12 by "builduser" with MS VC++ 16.10 / 16.11 (VS2019)

END.
